,memType,workerId,text,start,end,label
0,real,A1AF25FCVKC87X,Candace,0,7,PERSON
1,real,A1AF25FCVKC87X,a nice day,87,97,DATE
2,real,A1AF25FCVKC87X,Candace,422,429,PERSON
3,real,A1H72Y9Z5NJXDS,Ron,0,3,PERSON
4,real,A1H72Y9Z5NJXDS,a week,52,58,DATE
5,real,A1H72Y9Z5NJXDS,Denny,174,179,ORG
6,real,A1H72Y9Z5NJXDS,Ron,312,315,PERSON
7,real,A10NGMT563G4QB,one,22,25,CARDINAL
8,real,A10NGMT563G4QB,Brown,41,46,PERSON
9,real,A10NGMT563G4QB,last week,84,93,DATE
10,real,A10NGMT563G4QB,two,181,184,CARDINAL
11,real,A10NGMT563G4QB,Brown,280,285,PERSON
12,real,A10NGMT563G4QB,one,361,364,CARDINAL
13,real,A10NGMT563G4QB,last three year,401,416,DATE
14,real,A2RBVMD2HTBCZ9,Caleb,0,5,PERSON
15,real,A2RBVMD2HTBCZ9,the day,82,89,DATE
16,real,ANCDBBNNGEQBO,Mike,11,15,PERSON
17,real,ANCDBBNNGEQBO,one,185,188,CARDINAL
18,real,ANCDBBNNGEQBO,the afternoon,256,269,TIME
19,real,A2XTZPSPVEWTP7,holiday,9,16,DATE
20,real,A2XTZPSPVEWTP7,a hour,304,310,TIME
21,real,A2C4PNEBNTQ5M3,Glen david,11,21,PERSON
22,real,A2C4PNEBNTQ5M3,Jackson,33,40,PERSON
23,real,A2C4PNEBNTQ5M3,Jackson,181,188,PERSON
24,real,A2C4PNEBNTQ5M3,the whole evening.one,355,376,TIME
25,real,A2C4PNEBNTQ5M3,every day,423,432,DATE
26,real,A2C4PNEBNTQ5M3,those days,488,498,DATE
27,real,A2OO4PG3LBLP5I,Lucio,37,42,PERSON
28,real,A2OO4PG3LBLP5I,60,69,71,DATE
29,real,A2OO4PG3LBLP5I,2,208,209,CARDINAL
30,real,A2OO4PG3LBLP5I,that night,453,463,TIME
31,real,A2OO4PG3LBLP5I,this day,470,478,DATE
32,real,A2OO4PG3LBLP5I,that night,522,532,TIME
33,real,A146MSML39KY98,over 25 years ago,21,38,DATE
34,real,A146MSML39KY98,Colorado,59,67,GPE
35,real,A146MSML39KY98,Yolanda,202,209,PERSON
36,real,A146MSML39KY98,several years ago,420,437,DATE
37,real,A3VEF4M5FIN7KH,A few years ago,0,15,DATE
38,real,A3VEF4M5FIN7KH,Anthony,26,33,PERSON
39,real,A3VEF4M5FIN7KH,Buckethead,130,140,PERSON
40,real,A3VEF4M5FIN7KH,a few months prior,398,416,DATE
41,real,A1SLJKNSNHOJRN,Jordan,0,6,PERSON
42,real,A1SLJKNSNHOJRN,every year,29,39,DATE
43,real,A1SLJKNSNHOJRN,Dave and Busters,76,92,ORG
44,real,A1SLJKNSNHOJRN,Dave and Buster's,133,150,ORG
45,real,A1SLJKNSNHOJRN,three,194,199,CARDINAL
46,real,A1SLJKNSNHOJRN,Jordan,311,317,PERSON
47,real,A1SLJKNSNHOJRN,one,403,406,CARDINAL
48,real,A1SLJKNSNHOJRN,a good 10 minutes,543,560,TIME
49,real,A3M1PLQTQIALZV,Belle,0,5,PERSON
50,real,A3M1PLQTQIALZV,Belle,77,82,PERSON
51,real,A3M1PLQTQIALZV,late at night,174,187,TIME
52,real,A3M1PLQTQIALZV,Belle,245,250,PERSON
53,real,A3M1PLQTQIALZV,two,391,394,CARDINAL
54,real,A3M1PLQTQIALZV,two,476,479,CARDINAL
55,real,A3M1PLQTQIALZV,one,496,499,CARDINAL
56,real,AKR9067Q09RZS,Andrea,0,6,PERSON
57,real,AKR9067Q09RZS,one,297,300,CARDINAL
58,real,AKR9067Q09RZS,Andrea,509,515,PERSON
59,real,A1SYMCOR29IWNA,that year,19,28,DATE
60,real,A1SYMCOR29IWNA,Hilary,30,36,PERSON
61,real,A1SYMCOR29IWNA,two,60,63,CARDINAL
62,real,A1SYMCOR29IWNA,New York,82,90,GPE
63,real,A1SYMCOR29IWNA,Hamilton,98,106,WORK_OF_ART
64,real,A1SYMCOR29IWNA,Broadway,110,118,FAC
65,real,A1SYMCOR29IWNA,Times Square,144,156,FAC
66,real,A1SYMCOR29IWNA,Italian,195,202,NORP
67,real,A1SYMCOR29IWNA,about half an hour before,243,268,TIME
68,real,A1SYMCOR29IWNA,five or so,286,296,CARDINAL
69,real,A198H320N5MSXX,Kentucky,11,19,GPE
70,real,A198H320N5MSXX,Bill,28,32,PERSON
71,real,A198H320N5MSXX,Bill,484,488,PERSON
72,real,A3NZ09WIDG804F,About a year and a half ago,0,27,DATE
73,real,A3NZ09WIDG804F,Traci,81,86,PERSON
74,real,A3NZ09WIDG804F,that day,292,300,DATE
75,real,ALJ70B2J04YR7,Kyle,0,4,PERSON
76,real,ALJ70B2J04YR7,Jewel's Restaurant,87,105,ORG
77,real,ALJ70B2J04YR7,Kyle,242,246,PERSON
78,real,ALJ70B2J04YR7,Kyle,464,468,PERSON
79,real,ALJ70B2J04YR7,about halfway,473,486,CARDINAL
80,real,A5CIHEPULDFUF,Anita,0,5,PERSON
81,real,A5CIHEPULDFUF,Xbox,17,21,PRODUCT
82,real,A5CIHEPULDFUF,the weekend,40,51,DATE
83,real,A5CIHEPULDFUF,Halo,85,89,PRODUCT
84,real,A5CIHEPULDFUF,2nd,448,451,ORDINAL
85,real,A5CIHEPULDFUF,3rd,455,458,ORDINAL
86,real,A1T0ND039EWAVV,Dee,0,3,PERSON
87,real,A11F3MA5FWH6SJ,Today,0,5,DATE
88,real,A11F3MA5FWH6SJ,Kay,31,34,PERSON
89,real,A11F3MA5FWH6SJ,Kays,38,42,PERSON
90,real,A11F3MA5FWH6SJ,Lowe's,161,167,ORG
91,real,A11F3MA5FWH6SJ,Weber,189,194,ORG
92,real,A11F3MA5FWH6SJ,over $100,241,250,MONEY
93,real,A11F3MA5FWH6SJ,that day,438,446,DATE
94,real,A11F3MA5FWH6SJ,a great day,465,476,DATE
95,real,A11F3MA5FWH6SJ,day,490,493,DATE
96,real,A9IYXJT90J0NK,a few years ago,14,29,DATE
97,real,A9IYXJT90J0NK,the day before Thanksgiving,33,60,DATE
98,real,A9IYXJT90J0NK,Kurtis,62,68,PERSON
99,real,A9IYXJT90J0NK,Kevin,337,342,PERSON
100,real,A9IYXJT90J0NK,the night,394,403,TIME
101,real,A2NXMRPHG86N2T,Every Christmas,0,15,DATE
102,real,A2NXMRPHG86N2T,one year,129,137,DATE
103,real,A2NXMRPHG86N2T,"many, many years ago",139,159,DATE
104,real,A2NXMRPHG86N2T,one year,240,248,DATE
105,real,A2NXMRPHG86N2T,Ghost Pepper,433,445,ORG
106,real,A2NXMRPHG86N2T,four,470,474,CARDINAL
107,real,A2NXMRPHG86N2T,five,482,486,CARDINAL
108,real,A2NXMRPHG86N2T,fifth,525,530,ORDINAL
109,real,A1T6PRQQ8IN2ZU,Tarek,0,5,PERSON
110,real,A3C9PTN49QTVFN,hours,398,403,TIME
111,real,A3C9PTN49QTVFN,one,415,418,CARDINAL
112,real,A3C9PTN49QTVFN,nights,431,437,TIME
113,real,AX7WITN5DWW6U,Jenny,0,5,PERSON
114,real,AX7WITN5DWW6U,New Mexico,72,82,GPE
115,real,AX7WITN5DWW6U,about 20 minutes,204,220,TIME
116,real,AX7WITN5DWW6U,Jenny,338,343,PERSON
117,real,A2FXD55FJV1RSV,Alex,23,27,PERSON
118,real,A36WGC00R5TWWB,Roughly one year ago,0,20,DATE
119,real,A36WGC00R5TWWB,Kyle,213,217,PERSON
120,real,A36WGC00R5TWWB,Kyle,353,357,PERSON
121,real,A387QR9H4L2IHO,Sean,148,152,PERSON
122,real,A387QR9H4L2IHO,Sean,278,282,PERSON
123,real,A1QW2XUJ7KZCV5,one day,14,21,DATE
124,real,A1QW2XUJ7KZCV5,Amber,27,32,PERSON
125,real,A1QW2XUJ7KZCV5,Amber,109,114,PERSON
126,real,A1QW2XUJ7KZCV5,Amber,259,264,PERSON
127,real,A1QW2XUJ7KZCV5,Amber,370,375,PERSON
128,real,A1J4TXVBRW33KN,Nebraska,11,19,GPE
129,real,A1J4TXVBRW33KN,2,107,108,CARDINAL
130,real,A1J4TXVBRW33KN,Zima,335,339,PRODUCT
131,real,A1J4TXVBRW33KN,years,369,374,DATE
132,real,A11S8IAAVDXCUS,Eddie,14,19,PERSON
133,real,A11S8IAAVDXCUS,Call of Duty,58,70,PRODUCT
134,real,A11S8IAAVDXCUS,PS4,84,87,PRODUCT
135,real,A11S8IAAVDXCUS,Christmas,155,164,DATE
136,real,A11S8IAAVDXCUS,Christmas,294,303,DATE
137,real,A11S8IAAVDXCUS,morning,304,311,TIME
138,real,A11S8IAAVDXCUS,several hours,418,431,TIME
139,real,A3MJSYSWX0Q4WQ,Debbie,0,6,PERSON
140,real,A3MJSYSWX0Q4WQ,Christmas,143,152,DATE
141,real,A3MJSYSWX0Q4WQ,Christmas,189,198,DATE
142,real,A3MJSYSWX0Q4WQ,eight,305,310,CARDINAL
143,real,A20XDCBFKG4TEE,Tim,0,3,PERSON
144,real,A20XDCBFKG4TEE,Tim,226,229,PERSON
145,real,A20XDCBFKG4TEE,three years,322,333,DATE
146,real,A20XDCBFKG4TEE,Tim,447,450,PERSON
147,real,A20XDCBFKG4TEE,2 weeks,461,468,DATE
148,real,A20XDCBFKG4TEE,test day,509,517,DATE
149,real,A20XDCBFKG4TEE,Tim,519,522,PERSON
150,real,A1VWBIIM9VTHML,SC,45,47,PERSON
151,real,A1VWBIIM9VTHML,TR,67,69,PERSON
152,real,A1VWBIIM9VTHML,TR,333,335,PERSON
153,real,A1VWBIIM9VTHML,four,360,364,CARDINAL
154,real,A3RCX3IQ8L6HHW,A couple of years ago,0,21,DATE
155,real,A3RCX3IQ8L6HHW,Amy,47,50,PERSON
156,real,A3RCX3IQ8L6HHW,Christmas,72,81,DATE
157,real,A3RCX3IQ8L6HHW,One,372,375,CARDINAL
158,real,A3R97T5D3RR9JX,a Saturday,44,54,DATE
159,real,A3R97T5D3RR9JX,Loraine,170,177,PERSON
160,real,A1C0R9LZ0K51N0,Cassi,0,5,PERSON
161,real,A1C0R9LZ0K51N0,a couple of hours,422,439,TIME
162,real,A3UC8KZ5O8FVX9,Derek,0,5,PERSON
163,real,A3UC8KZ5O8FVX9,Street Fighter,123,137,PRODUCT
164,real,A3UC8KZ5O8FVX9,Derek,186,191,PERSON
165,real,A3UC8KZ5O8FVX9,Street Fighter,213,227,PRODUCT
166,real,A3UC8KZ5O8FVX9,one,314,317,CARDINAL
167,real,A3UC8KZ5O8FVX9,Derek,396,401,PERSON
168,real,A3UC8KZ5O8FVX9,Street Fighter,458,472,PRODUCT
169,real,A21J4SY5NBBDG6,Yousuf,0,6,PERSON
170,real,A21J4SY5NBBDG6,las vegas,30,39,GPE
171,real,A21J4SY5NBBDG6,three days,153,163,DATE
172,real,A21J4SY5NBBDG6,las vegas,412,421,GPE
173,real,A21J4SY5NBBDG6,the most beautiful night,478,502,TIME
174,real,A3W1CKM4PBLRC0,James,0,5,PERSON
175,real,A3W1CKM4PBLRC0,James,49,54,PERSON
176,real,A3W1CKM4PBLRC0,James,113,118,PERSON
177,real,A3W1CKM4PBLRC0,James,336,341,PERSON
178,real,A1ULXU0MYQ0XVB,Lilypad,34,41,FAC
179,real,A1ULXU0MYQ0XVB,Jordan,107,113,PERSON
180,real,A1ULXU0MYQ0XVB,Russian Housewife Volume 1,436,462,WORK_OF_ART
181,real,A3FXVNZ5VG98IP,Mark,10,14,PERSON
182,real,A3FXVNZ5VG98IP,Friday,38,44,DATE
183,real,A3FXVNZ5VG98IP,Milwaukee,54,63,GPE
184,real,A3FXVNZ5VG98IP,Milwaukee,194,203,GPE
185,real,A3FXVNZ5VG98IP,one,212,215,CARDINAL
186,real,A3FXVNZ5VG98IP,Prospect Ave,330,342,FAC
187,real,A3FXVNZ5VG98IP,Lake Michigan,386,399,LOC
188,real,A3FXVNZ5VG98IP,two,540,543,CARDINAL
189,real,AR8O1107OAW4V,a couple of months ago,12,34,DATE
190,real,AR8O1107OAW4V,one day last week,234,251,DATE
191,real,AR8O1107OAW4V,JJ,303,305,PERSON
192,real,A2SH17MQ49KCSO,The Eternals,11,23,WORK_OF_ART
193,real,A2SH17MQ49KCSO,a Friday,41,49,DATE
194,real,A2SH17MQ49KCSO,several weeks ago,50,67,DATE
195,real,A2SH17MQ49KCSO,Jared,69,74,PERSON
196,real,A2SH17MQ49KCSO,this Friday,93,104,DATE
197,real,A2SH17MQ49KCSO,Jared,225,230,PERSON
198,real,A2SH17MQ49KCSO,IMAX,323,327,ORG
199,real,A2SH17MQ49KCSO,Jared,352,357,PERSON
200,real,A1VFOKKVJ7B9D6,Cathy,0,5,PERSON
201,real,A1VFOKKVJ7B9D6,all summer long,61,76,DATE
202,real,A1VFOKKVJ7B9D6,65 years old,108,120,DATE
203,real,A1VFOKKVJ7B9D6,Cathy,291,296,PERSON
204,real,A1VFOKKVJ7B9D6,two,301,304,CARDINAL
205,real,A1VFOKKVJ7B9D6,three,318,323,CARDINAL
206,real,A1VFOKKVJ7B9D6,Howard,367,373,LOC
207,real,A321WQIFK10UV3,Lilly,0,5,PERSON
208,real,A321WQIFK10UV3,Ohio,60,64,GPE
209,real,A321WQIFK10UV3,Lilly,110,115,PERSON
210,real,A3FDSQADGUY42E,sean,27,31,PERSON
211,real,A3FDSQADGUY42E,50,57,59,CARDINAL
212,real,A3FDSQADGUY42E,Sean,305,309,PERSON
213,real,A26PGX6EBPZ8G9,Chloe,0,5,PERSON
214,real,A26PGX6EBPZ8G9,4,156,157,DATE
215,real,A26PGX6EBPZ8G9,last night,185,195,TIME
216,real,A26PGX6EBPZ8G9,Barbie,483,489,PERSON
217,real,A1FH0Y12VSXUMK,Casey,13,18,PERSON
218,real,A1FH0Y12VSXUMK,Casey,91,96,PERSON
219,real,A1FH0Y12VSXUMK,over a year,100,111,DATE
220,real,A1FH0Y12VSXUMK,Casey,252,257,PERSON
221,real,A3AX7TD0RPYKF8,Warren,9,15,PERSON
222,real,A3AX7TD0RPYKF8,Amazon,23,29,ORG
223,real,A3AX7TD0RPYKF8,Fire HD 10 Plus,30,45,PRODUCT
224,real,A3AX7TD0RPYKF8,just over 576GB,61,76,QUANTITY
225,real,A3AX7TD0RPYKF8,more than one,167,180,CARDINAL
226,real,A3AX7TD0RPYKF8,Zoom,274,278,ORG
227,real,A3AX7TD0RPYKF8,"10""",419,422,QUANTITY
228,real,A1KZ0KE93WNN5O,Mae,0,3,PERSON
229,real,A1KZ0KE93WNN5O,10,51,53,CARDINAL
230,real,A1KZ0KE93WNN5O,15,57,59,CARDINAL
231,real,A1KZ0KE93WNN5O,Mae,147,150,PERSON
232,real,A1KZ0KE93WNN5O,Mae,306,309,PERSON
233,real,A1KZ0KE93WNN5O,the day,397,404,DATE
234,real,A3KF6O09H04SP7,the Balloon Fiesta Park,14,37,FAC
235,real,A3KF6O09H04SP7,around 6 am that morning,38,62,TIME
236,real,A3KF6O09H04SP7,Stefan,276,282,PERSON
237,real,A3KF6O09H04SP7,the weekend,496,507,DATE
238,real,AF0W4ZBY7VXOU,T,0,1,PERSON
239,real,A17C8CUROFU495,Three years ago,0,15,DATE
240,real,A17C8CUROFU495,Kaloyan,27,34,PERSON
241,real,A17C8CUROFU495,Caribbean,51,60,LOC
242,real,A17C8CUROFU495,7th,85,88,ORDINAL
243,real,A17C8CUROFU495,the third day,105,118,DATE
244,real,A17C8CUROFU495,Kingston,147,155,GPE
245,real,A17C8CUROFU495,Jamaica,157,164,GPE
246,real,A17C8CUROFU495,the morning,203,214,TIME
247,real,A17C8CUROFU495,the whole afternoon,290,309,TIME
248,real,A17C8CUROFU495,a magical day,520,533,DATE
249,real,AOBTFLJU2BEPR,Jason,15,20,PERSON
250,real,AOBTFLJU2BEPR,last year,33,42,DATE
251,real,AOBTFLJU2BEPR,Christmas,78,87,DATE
252,real,AOBTFLJU2BEPR,first,115,120,ORDINAL
253,real,AOBTFLJU2BEPR,Jason,182,187,PERSON
254,real,A39FWGIPGNZZSH,Facebook,154,162,ORG
255,real,A39FWGIPGNZZSH,One,170,173,CARDINAL
256,real,A39FWGIPGNZZSH,one,251,254,CARDINAL
257,real,A39FWGIPGNZZSH,first,370,375,ORDINAL
258,real,A39FWGIPGNZZSH,Jell-O,395,401,PRODUCT
259,real,A1U8ZC4THEZXR1,Mike,0,4,PERSON
260,real,A1U8ZC4THEZXR1,fayetteville,25,37,GPE
261,real,A1U8ZC4THEZXR1,first,166,171,ORDINAL
262,real,A1U8ZC4THEZXR1,Mike,231,235,PERSON
263,real,A1U8ZC4THEZXR1,Mike,376,380,PERSON
264,real,A1U8ZC4THEZXR1,Mike,406,410,PERSON
265,real,A17TKHT8FEVH0R,Bulls,38,43,ORG
266,real,A17TKHT8FEVH0R,Milwaukee,118,127,GPE
267,real,A17TKHT8FEVH0R,first,323,328,ORDINAL
268,real,A17TKHT8FEVH0R,Bulls,344,349,ORG
269,real,A1L8FGWN4ZSK0X,Bart,0,4,PERSON
270,real,A1L8FGWN4ZSK0X,Paradise Cove,19,32,LOC
271,real,A1L8FGWN4ZSK0X,Sea World,36,45,FAC
272,real,A1S56RBP0Q3BT,Colin,11,16,PERSON
273,real,A1S56RBP0Q3BT,his last day,110,122,DATE
274,real,A1S56RBP0Q3BT,one,196,199,CARDINAL
275,real,A11ILN5YSUDVG8,Tina,0,4,PERSON
276,real,A11ILN5YSUDVG8,Hannibal,15,23,GPE
277,real,A11ILN5YSUDVG8,Pickers,208,215,ORG
278,real,A11ILN5YSUDVG8,the old days,292,304,DATE
279,real,A11ILN5YSUDVG8,Ron,474,477,PERSON
280,real,A1HYNGG8LZUV47,Bill,0,4,PERSON
281,real,A1HYNGG8LZUV47,a couple years back,57,76,DATE
282,real,A1HYNGG8LZUV47,about 5 grand,144,157,CARDINAL
283,real,A1HYNGG8LZUV47,a couple weeks,161,175,DATE
284,real,A91G1W46USOBE,Starbucks,16,25,ORG
285,real,A91G1W46USOBE,Hazelnut Latte,201,215,PRODUCT
286,real,A91G1W46USOBE,first,357,362,ORDINAL
287,real,AOJRP10FWOFA9,Bobbie,0,6,PERSON
288,real,AOJRP10FWOFA9,Walmart,23,30,ORG
289,real,AOJRP10FWOFA9,A few minutes,82,95,TIME
290,real,AN5WGHGM4BTJ2,Lone Tree,14,23,FAC
291,real,AN5WGHGM4BTJ2,about an hour,35,48,TIME
292,real,AN5WGHGM4BTJ2,AAA,163,166,ORG
293,real,AN5WGHGM4BTJ2,Firestone,449,458,ORG
294,real,A1M9CV85BU3AML,a very nice day,429,444,DATE
295,real,A3MYPYBVHX7FQ2,Al,29,31,PERSON
296,real,A3MYPYBVHX7FQ2,Al,161,163,PERSON
297,real,A3MYPYBVHX7FQ2,a couple of hours,334,351,TIME
298,real,A3MYPYBVHX7FQ2,Al,394,396,PERSON
299,real,A3J92T7AV2ICWN,josh,7,11,PERSON
300,real,A3J92T7AV2ICWN,jungle cruise,20,33,WORK_OF_ART
301,real,A3J92T7AV2ICWN,the other day,34,47,DATE
302,real,A3J92T7AV2ICWN,josh,97,101,PERSON
303,real,A3J92T7AV2ICWN,josh,225,229,PERSON
304,real,A3J92T7AV2ICWN,josh,385,389,PERSON
305,real,A3J92T7AV2ICWN,Josh,443,447,PERSON
306,real,A31Y2UA2LPDSWZ,AC,14,16,PERSON
307,real,A31Y2UA2LPDSWZ,one,43,46,CARDINAL
308,real,A1TEVUU2U1VYYV,Mike,17,21,PERSON
309,real,A1TEVUU2U1VYYV,Mike,51,55,PERSON
310,real,A3K0TCD0S67NV7,Kyle,17,21,PERSON
311,real,A3K0TCD0S67NV7,College,37,44,ORG
312,real,A3K0TCD0S67NV7,Kevin,101,106,PERSON
313,real,A3K0TCD0S67NV7,a beautiful spring day,157,179,DATE
314,real,A3K0TCD0S67NV7,a wonderful day,557,572,DATE
315,real,ARFQ8FJRKCUZ6,Tonia,0,5,PERSON
316,real,ARFQ8FJRKCUZ6,first day,8,17,DATE
317,real,ARFQ8FJRKCUZ6,all day,177,184,DATE
318,real,ARFQ8FJRKCUZ6,all day,428,435,DATE
319,real,A1JV2S5C8QHD1B,Susan,0,5,PERSON
320,real,A1JV2S5C8QHD1B,Alabama,50,57,GPE
321,real,A1JV2S5C8QHD1B,Mobile,90,96,GPE
322,real,A1JV2S5C8QHD1B,Red Hot Chili Peppers,362,383,ORG
323,real,A25X755IRWK2U5,One morning,0,11,TIME
324,real,A25X755IRWK2U5,30 minutes,95,105,TIME
325,real,A25X755IRWK2U5,Mary,226,230,PERSON
326,real,A25X755IRWK2U5,Mary,506,510,PERSON
327,real,ANQ0RLFEZ17W0,Aaron,0,5,PERSON
328,real,ANQ0RLFEZ17W0,the day,22,29,DATE
329,real,ANQ0RLFEZ17W0,an hour,166,173,TIME
330,real,A2LLY9JPYC9KJ4,the Northwest Highway,48,69,FAC
331,real,A2LLY9JPYC9KJ4,Larry,103,108,PERSON
332,real,A2LLY9JPYC9KJ4,Sketchers,273,282,ORG
333,real,A2LLY9JPYC9KJ4,Larry,443,448,PERSON
334,real,A3NFRJM2ATN21O,Kassidy,10,17,PERSON
335,real,A3NFRJM2ATN21O,K,19,20,PERSON
336,real,A3NFRJM2ATN21O,spring break,35,47,DATE
337,real,A3NFRJM2ATN21O,Atlanta,56,63,GPE
338,real,A3NFRJM2ATN21O,1942,104,108,DATE
339,real,A3NFRJM2ATN21O,Don Julio,109,118,PRODUCT
340,real,A3NFRJM2ATN21O,that night,230,240,TIME
341,real,A3NFRJM2ATN21O,Juicy Crab,253,263,FAC
342,real,A3NFRJM2ATN21O,AirBnb,340,346,ORG
343,real,A3NFRJM2ATN21O,Don Julio,381,390,PRODUCT
344,real,A3NFRJM2ATN21O,the end of the night,403,423,TIME
345,real,A3NFRJM2ATN21O,the next morning,507,523,TIME
346,real,A118AEVQ81QLG0,Hannah,0,6,PERSON
347,real,A118AEVQ81QLG0,Grandpa,48,55,PERSON
348,real,A38YLXHJTSE5VD,Tennessee,12,21,GPE
349,real,A38YLXHJTSE5VD,Shawn,52,57,PERSON
350,real,A38YLXHJTSE5VD,Tennessee,60,69,ORG
351,real,A38YLXHJTSE5VD,South Carolina,82,96,GPE
352,real,A38YLXHJTSE5VD,Neyland Stadium,200,215,FAC
353,real,A38YLXHJTSE5VD,two,290,293,CARDINAL
354,real,A38YLXHJTSE5VD,Tennessee,381,390,ORG
355,real,A38YLXHJTSE5VD,Shawn,532,537,PERSON
356,real,A2AMAU5O7O3AWX,Maggie,0,6,PERSON
357,real,A2AMAU5O7O3AWX,a week ago,373,383,DATE
358,real,A2AMAU5O7O3AWX,our evening,463,474,TIME
359,real,AXF0OX50YZQC6,John,0,4,PERSON
360,real,AXF0OX50YZQC6,Arlington,69,78,GPE
361,real,AXF0OX50YZQC6,Texas,80,85,GPE
362,real,AXF0OX50YZQC6,the Trinity River,196,213,LOC
363,real,AXF0OX50YZQC6,50 or 60 feet,226,239,QUANTITY
364,real,AXF0OX50YZQC6,John,242,246,PERSON
365,real,AXF0OX50YZQC6,"""Screaming Bridge",335,352,FAC
366,real,AXF0OX50YZQC6,the 1960s,410,419,DATE
367,real,A2FUNB3BUB3U07,A few months ago,0,16,DATE
368,real,A2FUNB3BUB3U07,Massachusetts,27,40,GPE
369,real,A2FUNB3BUB3U07,Griffin,106,113,PERSON
370,real,A2FUNB3BUB3U07,Martha's Vineyard,117,134,LOC
371,real,A2FUNB3BUB3U07,Griffin,179,186,PERSON
372,real,A2FUNB3BUB3U07,later that week,327,342,DATE
373,real,A2FUNB3BUB3U07,a few days later,356,372,DATE
374,real,A1C6U6K4KW7PYL,several months,64,78,DATE
375,real,A157L6Z8QU3SDE,Brent,0,5,PERSON
376,real,A157L6Z8QU3SDE,Street Fighter 4,115,131,PRODUCT
377,real,A157L6Z8QU3SDE,the PlayStation 4,135,152,PRODUCT
378,real,A157L6Z8QU3SDE,10 hours,513,521,TIME
379,real,A157L6Z8QU3SDE,one day,522,529,DATE
380,real,A1YW8LOGOAQ7ER,Jim,0,3,PERSON
381,real,A1YW8LOGOAQ7ER,Jim,367,370,PERSON
382,real,AMVBT3XDCQBHI,Russ,9,13,PERSON
383,real,AMVBT3XDCQBHI,June,53,57,PERSON
384,real,AMVBT3XDCQBHI,Christmas week,195,209,DATE
385,real,AMVBT3XDCQBHI,Russ,211,215,PERSON
386,real,AMVBT3XDCQBHI,the previous day,245,261,DATE
387,real,AMVBT3XDCQBHI,June,279,283,PERSON
388,real,AMVBT3XDCQBHI,the previous day,322,338,DATE
389,real,AMVBT3XDCQBHI,June,405,409,PERSON
390,real,AMVBT3XDCQBHI,the next day,489,501,DATE
391,real,A1SEGJ030C2VML,Dustin,0,6,PERSON
392,real,6117c048b6509f4c0729321b,last Thursday,69,82,DATE
393,real,6117c048b6509f4c0729321b,Kim,191,194,PERSON
394,real,6117c048b6509f4c0729321b,Later that day,353,367,DATE
395,real,5eed39d96b25b8147870a324,summer,8,14,DATE
396,real,5eed39d96b25b8147870a324,last spring,95,106,DATE
397,real,5eed39d96b25b8147870a324,the spring,152,162,DATE
398,real,5eed39d96b25b8147870a324,summer,261,267,DATE
399,real,5eed39d96b25b8147870a324,pedro,274,279,PERSON
400,real,5eed39d96b25b8147870a324,pedro,428,433,PERSON
401,real,5eed39d96b25b8147870a324,FAA,472,475,ORG
402,real,615a246b9484d07bb01d0724,Myiesha,0,7,PERSON
403,real,615a246b9484d07bb01d0724,two,270,273,CARDINAL
404,real,615a246b9484d07bb01d0724,first,281,286,ORDINAL
405,real,5bcc60b95c2b810001dc68e2,yearly,29,35,DATE
406,real,5bcc60b95c2b810001dc68e2,one-week,37,45,DATE
407,real,5bcc60b95c2b810001dc68e2,a really busy year,442,460,DATE
408,real,5ac8328afa3b4e0001738e4e,Jack,0,4,PERSON
409,real,5ac8328afa3b4e0001738e4e,Hobby Lobby,19,30,ORG
410,real,5ac8328afa3b4e0001738e4e,Hobby Lobby,241,252,ORG
411,real,5ac8328afa3b4e0001738e4e,three,348,353,CARDINAL
412,real,5dea7a7df87f5519e686ff7b,Tommy,0,5,PERSON
413,real,5dea7a7df87f5519e686ff7b,the week,63,71,DATE
414,real,5dea7a7df87f5519e686ff7b,Kris,74,78,PERSON
415,real,5dea7a7df87f5519e686ff7b,Regan,83,88,PERSON
416,real,5dea7a7df87f5519e686ff7b,Kris,203,207,PERSON
417,real,5dea7a7df87f5519e686ff7b,Tommy,329,334,PERSON
418,real,5dea7a7df87f5519e686ff7b,the next morning,476,492,TIME
419,real,5f7a28b8bedcf2112ebd1289,Claude,0,6,PERSON
420,real,5a454e442f91ec0001dcb66c,Donna,0,5,PERSON
421,real,5a454e442f91ec0001dcb66c,Rubio's,20,27,ORG
422,real,5a454e442f91ec0001dcb66c,one day,79,86,DATE
423,real,5a454e442f91ec0001dcb66c,Donna,171,176,PERSON
424,real,5a454e442f91ec0001dcb66c,maybe 15 minutes,347,363,TIME
425,real,61411975e7331decabf1db1c,Ed,11,13,PERSON
426,real,61411975e7331decabf1db1c,Stan,52,56,PERSON
427,real,61411975e7331decabf1db1c,NYC,109,112,GPE
428,real,61411975e7331decabf1db1c,Ed,181,183,PERSON
429,real,5a9c91196219a30001f534a5,Illinois,44,52,ORG
430,real,5a9c91196219a30001f534a5,Eastern Michigan,60,76,ORG
431,real,5a9c91196219a30001f534a5,a very warm day,85,100,DATE
432,real,5a9c91196219a30001f534a5,Illinois,183,191,ORG
433,real,5a9c91196219a30001f534a5,second,207,213,ORDINAL
434,real,5a9c91196219a30001f534a5,many years,295,305,DATE
435,real,6026adf0704fd23a5dc0ee32,Eric,28,32,PERSON
436,real,6026adf0704fd23a5dc0ee32,the following day,239,256,DATE
437,real,617066e07dbd3e09855712bb,The rest week,87,100,DATE
438,real,617066e07dbd3e09855712bb,Bee,211,214,PERSON
439,real,5c742339e621f900163f4543,James,0,5,PERSON
440,real,5e25c1a57d6cd1000cf870b8,Trevor,10,16,PERSON
441,real,5e25c1a57d6cd1000cf870b8,about two hours,315,330,TIME
442,real,6014461d8a3f5a40f7a7b8c8,Last year,0,9,DATE
443,real,6014461d8a3f5a40f7a7b8c8,around August,10,23,DATE
444,real,6014461d8a3f5a40f7a7b8c8,the night,32,41,TIME
445,real,6014461d8a3f5a40f7a7b8c8,Nicholas,47,55,PERSON
446,real,6014461d8a3f5a40f7a7b8c8,the evening,103,114,TIME
447,real,6014461d8a3f5a40f7a7b8c8,later that night,155,171,TIME
448,real,6014461d8a3f5a40f7a7b8c8,nintendo,199,207,ORG
449,real,6014461d8a3f5a40f7a7b8c8,The night,215,224,TIME
450,real,6014461d8a3f5a40f7a7b8c8,first,386,391,ORDINAL
451,real,6014461d8a3f5a40f7a7b8c8,about 90 minutes,429,445,TIME
452,real,6014461d8a3f5a40f7a7b8c8,second,463,469,ORDINAL
453,real,6014461d8a3f5a40f7a7b8c8,third,490,495,ORDINAL
454,real,6014461d8a3f5a40f7a7b8c8,three,546,551,CARDINAL
455,real,6014461d8a3f5a40f7a7b8c8,a fun night,566,577,TIME
456,real,5fc803709e587e1295172443,Stephen,0,7,PERSON
457,real,5fc803709e587e1295172443,Cherokee,22,30,FAC
458,real,5fc803709e587e1295172443,few months ago,158,172,DATE
459,real,5fc803709e587e1295172443,one,288,291,CARDINAL
460,real,6102e4f5caf1aed4d071c696,Oakland Cemetery,0,16,FAC
461,real,6102e4f5caf1aed4d071c696,Atlanta,66,73,GPE
462,real,6102e4f5caf1aed4d071c696,the Atlanta Art Community,150,175,ORG
463,real,6102e4f5caf1aed4d071c696,Marc,234,238,PERSON
464,real,6102e4f5caf1aed4d071c696,Marc,327,331,PERSON
465,real,5cd8d86210887400182db201,today,137,142,DATE
466,real,5cd8d86210887400182db201,6,185,186,CARDINAL
467,real,5cd8d86210887400182db201,one,341,344,CARDINAL
468,real,5b82247316aa4400016aa924,Renee,0,5,PERSON
469,real,5b82247316aa4400016aa924,Tampa Bay Bucs,42,56,ORG
470,real,5b82247316aa4400016aa924,Miami Dolphins,61,75,ORG
471,real,5b82247316aa4400016aa924,Raymond James,84,97,FAC
472,real,5b82247316aa4400016aa924,Tampa,109,114,GPE
473,real,5b82247316aa4400016aa924,first,251,256,ORDINAL
474,real,5b82247316aa4400016aa924,Tom Brady,299,308,PERSON
475,real,5b82247316aa4400016aa924,that day,321,329,DATE
476,real,5b82247316aa4400016aa924,third,339,344,ORDINAL
477,real,5b82247316aa4400016aa924,Bucs,357,361,ORG
478,real,5b82247316aa4400016aa924,Brady,449,454,PERSON
479,real,5b82247316aa4400016aa924,Renee,527,532,PERSON
480,real,5d41e832b0ca7200169d857e,Dave,171,175,PERSON
481,real,5d41e832b0ca7200169d857e,Anchovies,384,393,PRODUCT
482,real,5d41e832b0ca7200169d857e,Dave,447,451,PERSON
483,real,5d41e832b0ca7200169d857e,Last week,493,502,DATE
484,real,5d41e832b0ca7200169d857e,today,543,548,DATE
485,real,60885d559ca52f07dd234260,Troy,0,4,PERSON
486,real,60885d559ca52f07dd234260,JD's,37,41,ORG
487,real,60885d559ca52f07dd234260,around 5pm,56,66,TIME
488,real,60885d559ca52f07dd234260,Joe,119,122,PERSON
489,real,60885d559ca52f07dd234260,an Irish Car Bomb,203,220,PRODUCT
490,real,60885d559ca52f07dd234260,Troy,227,231,PERSON
491,real,60885d559ca52f07dd234260,Irish,316,321,NORP
492,real,60885d559ca52f07dd234260,Troy,339,343,PERSON
493,real,60885d559ca52f07dd234260,Irish,389,394,NORP
494,real,60885d559ca52f07dd234260,four or five,432,444,CARDINAL
495,real,60885d559ca52f07dd234260,Irish,445,450,NORP
496,real,60885d559ca52f07dd234260,four or five,475,487,CARDINAL
497,real,5e84765c7206730182a6f738,Jenni,0,5,PERSON
498,real,5e84765c7206730182a6f738,the morning,75,86,TIME
499,real,5e84765c7206730182a6f738,Rib Lake,179,187,LOC
500,real,5e84765c7206730182a6f738,Jenni brough,313,325,PERSON
501,real,5e84765c7206730182a6f738,Jenni,382,387,PERSON
502,real,5e84765c7206730182a6f738,the day,458,465,DATE
503,real,55b67c31fdf99b26b999cc1e,Briana,0,6,PERSON
504,real,55b67c31fdf99b26b999cc1e,about 6 months,37,51,DATE
505,real,55b67c31fdf99b26b999cc1e,a beautiful day,402,417,DATE
506,real,616dabffda7757926ea7e84d,Kirtsen,16,23,PERSON
507,real,616dabffda7757926ea7e84d,the end of 2019,27,42,DATE
508,real,616dabffda7757926ea7e84d,Spring Hill,203,214,GPE
509,real,616dabffda7757926ea7e84d,Only one,220,228,CARDINAL
510,real,5fb9b9c1c62f408e51e09e32,Jackie,12,18,PERSON
511,real,5fb9b9c1c62f408e51e09e32,Cub Scouts,23,33,ORG
512,real,5fb9b9c1c62f408e51e09e32,last Wednesday,34,48,DATE
513,real,5fb9b9c1c62f408e51e09e32,Armory,68,74,FAC
514,real,5fb9b9c1c62f408e51e09e32,Armory,101,107,FAC
515,real,5fb9b9c1c62f408e51e09e32,the Cub Scouts,165,179,ORG
516,real,5fb9b9c1c62f408e51e09e32,Soap Box Derby,190,204,PRODUCT
517,real,5fb9b9c1c62f408e51e09e32,Soap Box Derby,278,292,PRODUCT
518,real,5fb9b9c1c62f408e51e09e32,Emmett,319,325,PERSON
519,real,5fb9b9c1c62f408e51e09e32,two,334,337,CARDINAL
520,real,5fb9b9c1c62f408e51e09e32,Armory,359,365,FAC
521,real,5fb9b9c1c62f408e51e09e32,Armory,398,404,FAC
522,real,5fb9b9c1c62f408e51e09e32,Jackie,413,419,PERSON
523,real,5fb9b9c1c62f408e51e09e32,the Cub Scouts,449,463,ORG
524,real,62029779ef1cb18a1337c0f7,late at night,7,20,TIME
525,real,62029779ef1cb18a1337c0f7,all night,107,116,TIME
526,real,62029779ef1cb18a1337c0f7,Juan,118,122,PERSON
527,real,62029779ef1cb18a1337c0f7,multiple days,172,185,DATE
528,real,62029779ef1cb18a1337c0f7,deep in the night,256,273,TIME
529,real,60fe3a34f7f4d5e48ad56af2,Lu,0,2,PERSON
530,real,60fe3a34f7f4d5e48ad56af2,California,28,38,GPE
531,real,60fe3a34f7f4d5e48ad56af2,Lu,306,308,PERSON
532,real,60fde4dee9fab6ac2c315eed,kara,0,4,PERSON
533,real,60fde4dee9fab6ac2c315eed,mexico,28,34,GPE
534,real,60fde4dee9fab6ac2c315eed,a couple weeks,85,99,DATE
535,real,60fde4dee9fab6ac2c315eed,30 mins,346,353,TIME
536,real,5ddef2e6929d5de6f1050f1c,a surprisingly mild,7,26,DATE
537,real,5ddef2e6929d5de6f1050f1c,late June,37,46,DATE
538,real,5ddef2e6929d5de6f1050f1c,NC,65,67,GPE
539,real,5ddef2e6929d5de6f1050f1c,first,100,105,ORDINAL
540,real,5ddef2e6929d5de6f1050f1c,afternoon,119,128,TIME
541,real,5ddef2e6929d5de6f1050f1c,first,206,211,ORDINAL
542,real,5ddef2e6929d5de6f1050f1c,Six,403,406,CARDINAL
543,real,5ddef2e6929d5de6f1050f1c,seven,447,452,CARDINAL
544,real,5ddef2e6929d5de6f1050f1c,first,461,466,ORDINAL
545,real,5f2042752276432e3a7ef104,my birthday,10,21,DATE
546,real,5f2042752276432e3a7ef104,jessica,41,48,PERSON
547,real,5f2042752276432e3a7ef104,campestres,97,107,FAC
548,real,5f2042752276432e3a7ef104,athens,146,152,GPE
549,real,610c3dd3425aa056883e3e02,Blake,0,5,PERSON
550,real,610c3dd3425aa056883e3e02,A few days ago,193,207,DATE
551,real,610c3dd3425aa056883e3e02,Blake,209,214,PERSON
552,real,615f99378bb4b6a8040ec938,krist,19,24,ORG
553,real,615f99378bb4b6a8040ec938,one,75,78,CARDINAL
554,real,612fd3208d3decaf3ec80bcc,Maria,0,5,PERSON
555,real,612fd3208d3decaf3ec80bcc,Irving,25,31,GPE
556,real,612fd3208d3decaf3ec80bcc,about 2 weeks later,232,251,DATE
557,real,612fd3208d3decaf3ec80bcc,about 10 months,423,438,DATE
558,real,6108d6efa698e3dbe3b313d3,first,18,23,ORDINAL
559,real,6108d6efa698e3dbe3b313d3,mount rose,50,60,LOC
560,real,6108d6efa698e3dbe3b313d3,Tahoe,68,73,LOC
561,real,6108d6efa698e3dbe3b313d3,Saturday,95,103,DATE
562,real,6108d6efa698e3dbe3b313d3,one,415,418,CARDINAL
563,real,5de7ca192294f172c699b7dc,A couple of months ago,0,22,DATE
564,real,5de7ca192294f172c699b7dc,Mary,23,27,PERSON
565,real,5de7ca192294f172c699b7dc,one day,120,127,DATE
566,real,5de7ca192294f172c699b7dc,one,253,256,CARDINAL
567,real,5de7ca192294f172c699b7dc,two,462,465,CARDINAL
568,real,5c1942e200849900010afdcd,Miles,0,5,PERSON
569,real,5c1942e200849900010afdcd,one Friday,44,54,TIME
570,real,5c1942e200849900010afdcd,night,55,60,TIME
571,real,5c1942e200849900010afdcd,Mac n' Cheese,187,200,ORG
572,real,5c1942e200849900010afdcd,Kraft,357,362,ORG
573,real,60fd7637bcde42cb5ea9b80c,Nicole,0,6,PERSON
574,real,60fd7637bcde42cb5ea9b80c,ten pound,169,178,QUANTITY
575,real,60fd7637bcde42cb5ea9b80c,that day,195,203,DATE
576,real,60fd7637bcde42cb5ea9b80c,Nicole,208,214,PERSON
577,real,60fd7637bcde42cb5ea9b80c,five pound,237,247,QUANTITY
578,real,60fd7637bcde42cb5ea9b80c,one,299,302,CARDINAL
579,real,60fd7637bcde42cb5ea9b80c,months,327,333,DATE
580,real,610f326ceebada4236a67080,Cam,24,27,PERSON
581,real,610f326ceebada4236a67080,last month,28,38,DATE
582,real,610f326ceebada4236a67080,the Avon Bowling Center,42,65,FAC
583,real,610f326ceebada4236a67080,12,130,132,CARDINAL
584,real,610f326ceebada4236a67080,first,172,177,ORDINAL
585,real,610f326ceebada4236a67080,Cam,226,229,PERSON
586,real,610f326ceebada4236a67080,Cam,426,429,PERSON
587,real,610f326ceebada4236a67080,first,432,437,ORDINAL
588,real,610f326ceebada4236a67080,7,438,439,CARDINAL
589,real,610f326ceebada4236a67080,684,490,493,CARDINAL
590,real,5e7d0520455902383a9d1dd9,John,0,4,PERSON
591,real,5e7d0520455902383a9d1dd9,first,125,130,ORDINAL
592,real,5e7d0520455902383a9d1dd9,John,258,262,PERSON
593,real,6175829c31cba7108908d548,Cheryl,16,22,PERSON
594,real,6175829c31cba7108908d548,Cheryl,155,161,PERSON
595,real,6175829c31cba7108908d548,Cheryl,346,352,PERSON
596,real,5d55d562e04e1c0001f5e682,Shannon,0,7,PERSON
597,real,5d55d562e04e1c0001f5e682,milwaukee,36,45,GPE
598,real,5d55d562e04e1c0001f5e682,Fiserv Forum,49,61,ORG
599,real,5d55d562e04e1c0001f5e682,Pacers,107,113,ORG
600,real,5d55d562e04e1c0001f5e682,half time,268,277,TIME
601,real,5d55d562e04e1c0001f5e682,Shannon,459,466,PERSON
602,real,5b6cd50f9ee1a50001c5f481,Mark,374,378,PERSON
603,real,5b53bf0802660200017909e1,steph,0,5,PERSON
604,real,60eb857b5d9d956e6465ee3c,the day prior,26,39,DATE
605,real,60eb857b5d9d956e6465ee3c,the first night,196,211,DATE
606,real,590208c89571f50001c666e3,Sara,0,4,PERSON
607,real,590208c89571f50001c666e3,Niagra Falls,115,127,GPE
608,real,590208c89571f50001c666e3,about an hour,236,249,TIME
609,real,590208c89571f50001c666e3,night,378,383,TIME
610,real,5ddab4c559b1b0a089f10680,Katey,20,25,PERSON
611,real,5ddab4c559b1b0a089f10680,several days later,500,518,DATE
612,real,5ddab4c559b1b0a089f10680,one,536,539,CARDINAL
613,real,5c8ef4072a1b22000198f6bf,Heather,13,20,PERSON
614,real,5c8ef4072a1b22000198f6bf,Heather,288,295,PERSON
615,real,607cbf385d3202721e3f719f,Kate,0,4,PERSON
616,real,607cbf385d3202721e3f719f,about a week,33,45,DATE
617,real,607cbf385d3202721e3f719f,several hours,386,399,TIME
618,real,5fc423b6e33a323a3ae59661,Anndie,0,6,PERSON
619,real,5fc423b6e33a323a3ae59661,Dublin,21,27,GPE
620,real,5fc423b6e33a323a3ae59661,google maps,71,82,PRODUCT
621,real,5fc423b6e33a323a3ae59661,about half an hour,261,279,TIME
622,real,5c3fb71b36052e00016bb1a6,Deb,0,3,PERSON
623,real,5c3fb71b36052e00016bb1a6,that day,40,48,DATE
624,real,5c3fb71b36052e00016bb1a6,first,95,100,ORDINAL
625,real,5c3fb71b36052e00016bb1a6,Katherine,116,125,PERSON
626,real,5c3fb71b36052e00016bb1a6,1,191,192,CARDINAL
627,real,5c3fb71b36052e00016bb1a6,Deb,368,371,PERSON
628,real,5c3fb71b36052e00016bb1a6,K,470,471,PERSON
629,real,5de9569d5c340f05d554fbeb,several hours,220,233,TIME
630,real,5eaf02446c144d5e3a4d4562,Russell,0,7,PERSON
631,real,5eaf02446c144d5e3a4d4562,Saturday,41,49,DATE
632,real,5eaf02446c144d5e3a4d4562,afternoon,50,59,TIME
633,real,5eaf02446c144d5e3a4d4562,the Pontiac Club's,171,189,ORG
634,real,5eaf02446c144d5e3a4d4562,1960,201,205,DATE
635,real,5eaf02446c144d5e3a4d4562,early 1970's,212,224,DATE
636,real,5eaf02446c144d5e3a4d4562,Audi,268,272,ORG
637,real,5eaf02446c144d5e3a4d4562,Subaru,274,280,ORG
638,real,5eaf02446c144d5e3a4d4562,Mercedes,282,290,ORG
639,real,5eaf02446c144d5e3a4d4562,BMW,295,298,ORG
640,real,5eaf02446c144d5e3a4d4562,Mercedes,352,360,ORG
641,real,5eaf02446c144d5e3a4d4562,Lambo,487,492,PRODUCT
642,real,5eaf02446c144d5e3a4d4562,Rolls Royce,497,508,PRODUCT
643,real,56fb36ca34a0d3000b1a5701,christmas,73,82,DATE
644,real,56fb36ca34a0d3000b1a5701,christmas,180,189,DATE
645,real,56fb36ca34a0d3000b1a5701,Gracie,210,216,PERSON
646,real,56fb36ca34a0d3000b1a5701,Deb,384,387,PERSON
647,real,56fb36ca34a0d3000b1a5701,Muk Luks,394,402,PRODUCT
648,real,56fb36ca34a0d3000b1a5701,the cold winter days,466,486,DATE
649,real,5accdd6587e271000171be3e,PJ,0,2,PERSON
650,real,5accdd6587e271000171be3e,Christina Aguilera,16,34,PERSON
651,real,5accdd6587e271000171be3e,Halloween,39,48,DATE
652,real,5accdd6587e271000171be3e,Christina Aguilera,138,156,PERSON
653,real,614e8467b95e7056b6f06edc,Mel,0,3,PERSON
654,real,614e8467b95e7056b6f06edc,around five in the evening,125,151,TIME
655,real,614e8467b95e7056b6f06edc,the day,407,414,DATE
656,real,614e8467b95e7056b6f06edc,Mel,509,512,PERSON
657,real,614e8467b95e7056b6f06edc,a refreshing day,533,549,DATE
658,real,5e5080883771350caf2d9fda,Easter is the 2016,14,32,DATE
659,real,5e5080883771350caf2d9fda,Frank,34,39,PERSON
660,real,5e5080883771350caf2d9fda,Italian,73,80,NORP
661,real,5e5080883771350caf2d9fda,Delicatessen,81,93,ORG
662,real,5e5080883771350caf2d9fda,Carlinos,100,108,ORG
663,real,5e5080883771350caf2d9fda,Carlinos,110,118,ORG
664,real,5e5080883771350caf2d9fda,Italian,177,184,NORP
665,real,5e5080883771350caf2d9fda,Easter,221,227,DATE
666,real,5e5080883771350caf2d9fda,Easter,483,489,DATE
667,real,60e5f4ebca9d0e7a4305231f,first,4,9,ORDINAL
668,real,60e5f4ebca9d0e7a4305231f,first,87,92,ORDINAL
669,real,60e5f4ebca9d0e7a4305231f,first,331,336,ORDINAL
670,real,60665adb612028d442c04182,Bess,0,4,PERSON
671,real,60665adb612028d442c04182,first,226,231,ORDINAL
672,real,60665adb612028d442c04182,second,267,273,ORDINAL
673,real,60665adb612028d442c04182,less than three years,282,303,DATE
674,real,5f0d2beb1bd6337380471ba8,Julie,0,5,PERSON
675,real,5f0d2beb1bd6337380471ba8,night,35,40,TIME
676,real,5f0d2beb1bd6337380471ba8,Julie,527,532,PERSON
677,real,56c113f6eb5b22000d5baa6f,Clair,0,5,PERSON
678,real,56c113f6eb5b22000d5baa6f,the holidays,30,42,DATE
679,real,56c113f6eb5b22000d5baa6f,North Austin,165,177,LOC
680,real,56c113f6eb5b22000d5baa6f,three,209,214,CARDINAL
681,real,56c113f6eb5b22000d5baa6f,Central Market,236,250,ORG
682,real,56c113f6eb5b22000d5baa6f,five,297,301,CARDINAL
683,real,56c113f6eb5b22000d5baa6f,Clair,317,322,PERSON
684,real,56c113f6eb5b22000d5baa6f,two,424,427,CARDINAL
685,real,56c113f6eb5b22000d5baa6f,that evening,479,491,TIME
686,real,61520150b24df0af47d5c7f3,Mike,46,50,PERSON
687,real,61520150b24df0af47d5c7f3,Angie,55,60,PERSON
688,real,61520150b24df0af47d5c7f3,Mike,117,121,PERSON
689,real,61520150b24df0af47d5c7f3,angie,168,173,PERSON
690,real,61520150b24df0af47d5c7f3,Louisiana,412,421,GPE
691,real,61520150b24df0af47d5c7f3,japanese,486,494,NORP
692,real,61520150b24df0af47d5c7f3,five year old,528,541,DATE
693,real,60fd55f559e7795b518f7438,Alfred,0,6,PERSON
694,real,60fd55f559e7795b518f7438,Filipino,29,37,NORP
695,real,60fd55f559e7795b518f7438,A couple months,320,335,DATE
696,real,62029b1eef1cb18a1337c797,Last week,0,9,DATE
697,real,62029b1eef1cb18a1337c797,Johnny,11,17,PERSON
698,real,62029b1eef1cb18a1337c797,push day,67,75,DATE
699,real,62029b1eef1cb18a1337c797,Johnny,536,542,PERSON
700,real,62029b1eef1cb18a1337c797,275 pound,549,558,QUANTITY
701,real,62029b1eef1cb18a1337c797,315 pound,588,597,QUANTITY
702,real,610371cac4468adfe775fcf7,JC,0,2,PERSON
703,real,610371cac4468adfe775fcf7,WD,105,107,PRODUCT
704,real,610371cac4468adfe775fcf7,JC,225,227,PERSON
705,real,610371cac4468adfe775fcf7,JC,261,263,PERSON
706,real,610371cac4468adfe775fcf7,JC,412,414,PERSON
707,real,620299a8ef1cb18a1337c4d1,Jennifer,0,8,PERSON
708,real,620299a8ef1cb18a1337c4d1,monthly,126,133,DATE
709,real,620299a8ef1cb18a1337c4d1,Chicago Pizza,137,150,ORG
710,real,620299a8ef1cb18a1337c4d1,TJ Maxx,391,398,ORG
711,real,620299a8ef1cb18a1337c4d1,over a year,499,510,DATE
712,real,615bb35e52d50aa9a2ae6747,Destiny,19,26,PERSON
713,real,615bb35e52d50aa9a2ae6747,Harry Potter,45,57,WORK_OF_ART
714,real,615bb35e52d50aa9a2ae6747,Destiny,246,253,PERSON
715,real,615bb35e52d50aa9a2ae6747,Harry Potter,265,277,WORK_OF_ART
716,real,615bb35e52d50aa9a2ae6747,This past year,481,495,DATE
717,real,615bb35e52d50aa9a2ae6747,Hagrid,509,515,PERSON
718,real,615bb35e52d50aa9a2ae6747,Christmas,527,536,DATE
719,real,55b6e53bfdf99b438f10e3bb,Wendy,0,5,PERSON
720,real,55b6e53bfdf99b438f10e3bb,Psalm 91,268,276,WORK_OF_ART
721,real,55b6e53bfdf99b438f10e3bb,the hour,346,354,TIME
722,real,55b6e53bfdf99b438f10e3bb,Wendy,377,382,PERSON
723,real,5c284e0970d93a0001211e16,James,0,5,PERSON
724,real,5c284e0970d93a0001211e16,Raw,27,30,ORG
725,real,5c284e0970d93a0001211e16,Detroit,50,57,GPE
726,real,5c284e0970d93a0001211e16,Michigan,58,66,GPE
727,real,5c284e0970d93a0001211e16,months ago,67,77,DATE
728,real,5c284e0970d93a0001211e16,James,253,258,PERSON
729,real,5c284e0970d93a0001211e16,Styles,275,281,PERSON
730,real,5c284e0970d93a0001211e16,James,319,324,PERSON
731,real,615b39c56d4a42f215089b8a,Haley,0,5,PERSON
732,real,615b39c56d4a42f215089b8a,camp season,91,102,DATE
733,real,615b39c56d4a42f215089b8a,Haley,103,108,PERSON
734,real,615b39c56d4a42f215089b8a,hours,177,182,TIME
735,real,615b39c56d4a42f215089b8a,Haley,267,272,PERSON
736,real,615b39c56d4a42f215089b8a,these days,343,353,DATE
737,real,615b39c56d4a42f215089b8a,this day,435,443,DATE
738,real,615b39c56d4a42f215089b8a,10 years ago,479,491,DATE
739,real,5f3ebd568c429614c0f595e8,Austin,36,42,PERSON
740,real,5f3ebd568c429614c0f595e8,Austin,452,458,PERSON
741,real,5ea974ce007217052a763022,the second day,21,35,DATE
742,real,5ea974ce007217052a763022,Craig,41,46,PERSON
743,real,5ea974ce007217052a763022,Craig,186,191,PERSON
744,real,5f6e71f3b273c13b726f3622,Eliza,0,5,PERSON
745,real,5f6e71f3b273c13b726f3622,lunch time,36,46,TIME
746,real,5df4ed2eae7b303760a9d47c,Teddy,11,16,PERSON
747,real,5df4ed2eae7b303760a9d47c,Dave,34,38,PERSON
748,real,5df4ed2eae7b303760a9d47c,70th,41,45,ORDINAL
749,real,5df4ed2eae7b303760a9d47c,8,72,73,CARDINAL
750,real,5df4ed2eae7b303760a9d47c,Italian,169,176,NORP
751,real,5df4ed2eae7b303760a9d47c,Dave,245,249,PERSON
752,real,5df4ed2eae7b303760a9d47c,first,309,314,ORDINAL
753,real,5df4ed2eae7b303760a9d47c,Dave,331,335,PERSON
754,real,5df4ed2eae7b303760a9d47c,Happy Birthday,500,514,WORK_OF_ART
755,real,5df4ed2eae7b303760a9d47c,Dave,518,522,PERSON
756,real,60f6e261d3ae19349059a473,Will,18,22,PERSON
757,real,61fa94df5719bc09cb835064,LW,0,2,PERSON
758,real,61fa94df5719bc09cb835064,less than 3 years old,241,262,DATE
759,real,61fa94df5719bc09cb835064,just $400,284,293,MONEY
760,real,5ed5ac56ee608714bb21075d,Michael,34,41,PERSON
761,real,5ed5ac56ee608714bb21075d,DSO,105,108,ORG
762,real,5ed5ac56ee608714bb21075d,Detroit Symphony Orchestra,110,136,ORG
763,real,5ed5ac56ee608714bb21075d,one,162,165,CARDINAL
764,real,5ed5ac56ee608714bb21075d,Beethoven,190,199,PERSON
765,real,5ed5ac56ee608714bb21075d,Michael,312,319,PERSON
766,real,5ed5ac56ee608714bb21075d,first,396,401,ORDINAL
767,real,5ed5ac56ee608714bb21075d,Michael,470,477,PERSON
768,real,610795acedc4b47fda202f10,Zara,22,26,PERSON
769,real,610795acedc4b47fda202f10,first,82,87,ORDINAL
770,real,610795acedc4b47fda202f10,two,173,176,CARDINAL
0,img,A1AF25FCVKC87X,Jill,15,19,PERSON
1,img,A1AF25FCVKC87X,Jill,369,373,PERSON
2,img,A1AF25FCVKC87X,a few days ago,403,417,DATE
3,img,A1H72Y9Z5NJXDS,Cindy,0,5,PERSON
4,img,A1H72Y9Z5NJXDS,Huntington Beach Gap,21,41,FAC
5,img,A1H72Y9Z5NJXDS,20 minutes,540,550,TIME
6,img,A10NGMT563G4QB,last year,3,12,DATE
7,img,A10NGMT563G4QB,one,75,78,CARDINAL
8,img,A10NGMT563G4QB,one,104,107,CARDINAL
9,img,A10NGMT563G4QB,roger,186,191,PERSON
10,img,A10NGMT563G4QB,roger father,287,299,PERSON
11,img,A10NGMT563G4QB,roger,353,358,PERSON
12,img,A10NGMT563G4QB,Roger,415,420,PERSON
13,img,A10NGMT563G4QB,one,431,434,CARDINAL
14,img,A2RBVMD2HTBCZ9,Jon,0,3,PERSON
15,img,A2RBVMD2HTBCZ9,Sweden,32,38,GPE
16,img,A2RBVMD2HTBCZ9,America,183,190,GPE
17,img,A2RBVMD2HTBCZ9,Jon,364,367,PERSON
18,img,A2RBVMD2HTBCZ9,Jon,417,420,PERSON
19,img,ANCDBBNNGEQBO,Last December,0,13,DATE
20,img,ANCDBBNNGEQBO,a few days,15,25,DATE
21,img,ANCDBBNNGEQBO,Christmas,33,42,DATE
22,img,ANCDBBNNGEQBO,Gerard,54,60,PERSON
23,img,ANCDBBNNGEQBO,Christmas,214,223,DATE
24,img,ANCDBBNNGEQBO,a few days prior,232,248,DATE
25,img,ANCDBBNNGEQBO,Gerard,487,493,PERSON
26,img,A2XTZPSPVEWTP7,One,0,3,CARDINAL
27,img,A2C4PNEBNTQ5M3,Tamika wright,10,23,PERSON
28,img,A2OO4PG3LBLP5I,One,0,3,CARDINAL
29,img,A2OO4PG3LBLP5I,workday,57,64,DATE
30,img,A2OO4PG3LBLP5I,that day,189,197,DATE
31,img,A2OO4PG3LBLP5I,Rachel,230,236,PERSON
32,img,A2OO4PG3LBLP5I,67 years old,244,256,DATE
33,img,A2OO4PG3LBLP5I,10 mins,345,352,TIME
34,img,A2OO4PG3LBLP5I,the day,511,518,DATE
35,img,A146MSML39KY98,Wanda,0,5,PERSON
36,img,A146MSML39KY98,North East Mall,22,37,FAC
37,img,A146MSML39KY98,Wanda,78,83,PERSON
38,img,A146MSML39KY98,Disney,94,100,ORG
39,img,A146MSML39KY98,Jungle Cruise,134,147,WORK_OF_ART
40,img,A146MSML39KY98,the summer,356,366,DATE
41,img,A146MSML39KY98,Mary Poppins,464,476,WORK_OF_ART
42,img,A146MSML39KY98,Pirates of the Caribbean,481,505,WORK_OF_ART
43,img,A3VEF4M5FIN7KH,Phil,35,39,PERSON
44,img,A3VEF4M5FIN7KH,Nikolay,194,201,PERSON
45,img,A3VEF4M5FIN7KH,Phil,270,274,PERSON
46,img,A2DLYBXZNSSJ4S,nit,111,114,PERSON
47,img,A2DLYBXZNSSJ4S,nite,257,261,TIME
48,img,A2DLYBXZNSSJ4S,the whole nite,462,476,TIME
49,img,A1SLJKNSNHOJRN,Anthony,13,20,PERSON
50,img,A1SLJKNSNHOJRN,Anthony,149,156,PERSON
51,img,A1SLJKNSNHOJRN,one,324,327,CARDINAL
52,img,A1SLJKNSNHOJRN,Anthony,448,455,PERSON
53,img,A1SLJKNSNHOJRN,Anthony,552,559,PERSON
54,img,A3M1PLQTQIALZV,John,8,12,PERSON
55,img,A3M1PLQTQIALZV,Walmart,27,34,ORG
56,img,A3M1PLQTQIALZV,John,81,85,PERSON
57,img,A3M1PLQTQIALZV,John,177,181,PERSON
58,img,A3M1PLQTQIALZV,John,438,442,PERSON
59,img,AKR9067Q09RZS,Ronald,0,6,PERSON
60,img,AKR9067Q09RZS,Ronald,84,90,PERSON
61,img,AKR9067Q09RZS,that day,195,203,DATE
62,img,AKR9067Q09RZS,Ronald,205,211,PERSON
63,img,AKR9067Q09RZS,four,224,228,CARDINAL
64,img,AKR9067Q09RZS,Ronald,403,409,PERSON
65,img,AKR9067Q09RZS,two,467,470,CARDINAL
66,img,AKR9067Q09RZS,Ronald,485,491,PERSON
67,img,AKR9067Q09RZS,two,499,502,CARDINAL
68,img,AKR9067Q09RZS,"10,000",517,523,MONEY
69,img,A1SYMCOR29IWNA,Hannah,0,6,PERSON
70,img,A1SYMCOR29IWNA,Hannah,327,333,PERSON
71,img,A1SYMCOR29IWNA,Hannah,402,408,PERSON
72,img,A198H320N5MSXX,Sarah,0,5,PERSON
73,img,A3NZ09WIDG804F,Mac,0,3,PERSON
74,img,A3NZ09WIDG804F,a Tuesday,80,89,DATE
75,img,A3NZ09WIDG804F,Tuesday,127,134,DATE
76,img,A3NZ09WIDG804F,a few hours,231,242,TIME
77,img,A3NZ09WIDG804F,two,287,290,CARDINAL
78,img,A3NZ09WIDG804F,two,318,321,CARDINAL
79,img,A3NZ09WIDG804F,under five,351,361,DATE
80,img,ALJ70B2J04YR7,Brigette,19,27,PERSON
81,img,ALJ70B2J04YR7,a Saturday,315,325,DATE
82,img,ALJ70B2J04YR7,Brigette,411,419,PERSON
83,img,ALJ70B2J04YR7,60,431,433,MONEY
84,img,ALJ70B2J04YR7,Brigette,495,503,PERSON
85,img,A5CIHEPULDFUF,John,0,4,PERSON
86,img,A5CIHEPULDFUF,every 2nd Thursday of each month,193,225,DATE
87,img,A5CIHEPULDFUF,John,526,530,PERSON
88,img,A1T0ND039EWAVV,Fatima,0,6,PERSON
89,img,A1T0ND039EWAVV,a couple of hours,252,269,TIME
90,img,A11F3MA5FWH6SJ,Today,0,5,DATE
91,img,A11F3MA5FWH6SJ,Jay,31,34,PERSON
92,img,A11F3MA5FWH6SJ,Dee,39,42,PERSON
93,img,A11F3MA5FWH6SJ,Jay,239,242,PERSON
94,img,A11F3MA5FWH6SJ,Dee,270,273,PERSON
95,img,A11F3MA5FWH6SJ,Jay,364,367,PERSON
96,img,A11F3MA5FWH6SJ,Jay,423,426,PERSON
97,img,A11F3MA5FWH6SJ,20 dollars,427,437,MONEY
98,img,A9IYXJT90J0NK,Jeannie,16,23,PERSON
99,img,A9IYXJT90J0NK,Michigan State University,49,74,ORG
100,img,A9IYXJT90J0NK,about one and a half hours,85,111,TIME
101,img,A9IYXJT90J0NK,a nice fall day,200,215,DATE
102,img,A9IYXJT90J0NK,Chinese,241,248,NORP
103,img,A9IYXJT90J0NK,late at night,431,444,TIME
104,img,A2NXMRPHG86N2T,Corey,0,5,PERSON
105,img,A2NXMRPHG86N2T,2008,213,217,DATE
106,img,A2NXMRPHG86N2T,Philadelphia Phillies,218,239,ORG
107,img,A2NXMRPHG86N2T,the big,262,269,DATE
108,img,A2NXMRPHG86N2T,Corey,275,280,PERSON
109,img,A2NXMRPHG86N2T,Corey,421,426,PERSON
110,img,A2NXMRPHG86N2T,Corey,445,450,PERSON
111,img,A1T6PRQQ8IN2ZU,Kat,0,3,PERSON
112,img,A1T6PRQQ8IN2ZU,Indiana,19,26,GPE
113,img,A1T6PRQQ8IN2ZU,about half an hour,267,285,TIME
114,img,A1T6PRQQ8IN2ZU,one hour,361,369,TIME
115,img,A1T6PRQQ8IN2ZU,the end of the night,490,510,TIME
116,img,A3C9PTN49QTVFN,Ashley,0,6,PERSON
117,img,AX7WITN5DWW6U,Jerry,6,11,PERSON
118,img,AX7WITN5DWW6U,second,225,231,ORDINAL
119,img,A2FXD55FJV1RSV,Annie,0,5,PERSON
120,img,A2FXD55FJV1RSV,summer,88,94,DATE
121,img,A2FXD55FJV1RSV,that day,119,127,DATE
122,img,A2FXD55FJV1RSV,a few minutes,328,341,TIME
123,img,A2FXD55FJV1RSV,Annie,385,390,PERSON
124,img,A36WGC00R5TWWB,Roughly one week ago,0,20,DATE
125,img,A36WGC00R5TWWB,Ricky,22,27,PERSON
126,img,A36WGC00R5TWWB,several hours,356,369,TIME
127,img,A36WGC00R5TWWB,Ricky,387,392,PERSON
128,img,A387QR9H4L2IHO,a busy day,7,17,DATE
129,img,A387QR9H4L2IHO,Jack,76,80,PERSON
130,img,A387QR9H4L2IHO,all day,148,155,DATE
131,img,A1QW2XUJ7KZCV5,Bart,0,4,PERSON
132,img,A1QW2XUJ7KZCV5,Oahu,19,23,GPE
133,img,A1QW2XUJ7KZCV5,Hawaii,25,31,GPE
134,img,A1QW2XUJ7KZCV5,one night,143,152,TIME
135,img,A1QW2XUJ7KZCV5,"25,000",403,409,MONEY
136,img,A1J4TXVBRW33KN,Tampa,19,24,GPE
137,img,A1J4TXVBRW33KN,one afternoon,41,54,TIME
138,img,A1J4TXVBRW33KN,Two hours later,235,250,TIME
139,img,A1J4TXVBRW33KN,Rey,274,277,PERSON
140,img,A1J4TXVBRW33KN,Nest,324,328,ORG
141,img,A11S8IAAVDXCUS,Lori,15,19,PERSON
142,img,A11S8IAAVDXCUS,Tesla,120,125,ORG
143,img,A11S8IAAVDXCUS,Love Song,129,138,WORK_OF_ART
144,img,A3MJSYSWX0Q4WQ,Dot,0,3,PERSON
145,img,A3MJSYSWX0Q4WQ,several years,63,76,DATE
146,img,A3MJSYSWX0Q4WQ,Fast n Fresh,94,106,ORG
147,img,A3MJSYSWX0Q4WQ,one day,122,129,DATE
148,img,A3MJSYSWX0Q4WQ,Dot,342,345,PERSON
149,img,A20XDCBFKG4TEE,Branden,0,7,PERSON
150,img,A20XDCBFKG4TEE,the 90's,229,237,DATE
151,img,A20XDCBFKG4TEE,Branden,452,459,PERSON
152,img,A1VWBIIM9VTHML,Ohio,23,27,GPE
153,img,A1VWBIIM9VTHML,GS,31,33,PERSON
154,img,A1VWBIIM9VTHML,Thanksgiving Dinner,62,81,EVENT
155,img,A1VWBIIM9VTHML,Weezer,323,329,PRODUCT
156,img,A1VWBIIM9VTHML,the weekend,402,413,DATE
157,img,A3RCX3IQ8L6HHW,Jason,5,10,PERSON
158,img,A3RCX3IQ8L6HHW,last Thanksgiving,20,37,DATE
159,img,A3RCX3IQ8L6HHW,first,219,224,ORDINAL
160,img,A3RCX3IQ8L6HHW,two,424,427,CARDINAL
161,img,A3R97T5D3RR9JX,Jake,0,4,PERSON
162,img,A3R97T5D3RR9JX,Jake,116,120,PERSON
163,img,A3R97T5D3RR9JX,Jake,191,195,PERSON
164,img,A1C0R9LZ0K51N0,Shawn,178,183,PERSON
165,img,A1C0R9LZ0K51N0,one,258,261,CARDINAL
166,img,A1C0R9LZ0K51N0,Shawn,349,354,PERSON
167,img,A3UC8KZ5O8FVX9,Alicia,0,6,PERSON
168,img,A3UC8KZ5O8FVX9,Kira,8,12,PERSON
169,img,A3UC8KZ5O8FVX9,Riverside park,41,55,FAC
170,img,A3UC8KZ5O8FVX9,first,272,277,ORDINAL
171,img,A3UC8KZ5O8FVX9,over ten minutes,287,303,TIME
172,img,A3UC8KZ5O8FVX9,two,323,326,CARDINAL
173,img,A3UC8KZ5O8FVX9,first,394,399,ORDINAL
174,img,A3UC8KZ5O8FVX9,a fun day,463,472,DATE
175,img,A21J4SY5NBBDG6,John,0,4,PERSON
176,img,A21J4SY5NBBDG6,our graduation day,35,53,DATE
177,img,A21J4SY5NBBDG6,First,74,79,ORDINAL
178,img,A21J4SY5NBBDG6,john,109,113,PERSON
179,img,A21J4SY5NBBDG6,dallas,139,145,GPE
180,img,A21J4SY5NBBDG6,their special days,319,337,DATE
181,img,A21J4SY5NBBDG6,john,400,404,PERSON
182,img,A3W1CKM4PBLRC0,Will,0,4,PERSON
183,img,A1ULXU0MYQ0XVB,2412,48,52,FAC
184,img,A1ULXU0MYQ0XVB,Tanir,84,89,PERSON
185,img,A1ULXU0MYQ0XVB,Scrabble,175,183,PRODUCT
186,img,A1ULXU0MYQ0XVB,Scrabble,274,282,PRODUCT
187,img,A1ULXU0MYQ0XVB,Tanir,287,292,PERSON
188,img,A3FXVNZ5VG98IP,Cincinnati,10,20,GPE
189,img,A3FXVNZ5VG98IP,Amy,53,56,PERSON
190,img,A3FXVNZ5VG98IP,2011,60,64,DATE
191,img,A3FXVNZ5VG98IP,CRLA,77,81,ORG
192,img,A3FXVNZ5VG98IP,the Hyatt Regency,112,129,ORG
193,img,A3FXVNZ5VG98IP,Cincinnati,142,152,GPE
194,img,A3FXVNZ5VG98IP,Amy,181,184,PERSON
195,img,A3FXVNZ5VG98IP,4 days,189,195,DATE
196,img,A3FXVNZ5VG98IP,the second night,241,257,DATE
197,img,A3FXVNZ5VG98IP,Newport,302,309,GPE
198,img,AR8O1107OAW4V,last month,12,22,DATE
199,img,AR8O1107OAW4V,England,41,48,GPE
200,img,AR8O1107OAW4V,Friday,291,297,DATE
201,img,A2SH17MQ49KCSO,Darren,0,6,PERSON
202,img,A2SH17MQ49KCSO,Durham,104,110,GPE
203,img,A2SH17MQ49KCSO,NC,112,114,GPE
204,img,A2SH17MQ49KCSO,Hickory,128,135,GPE
205,img,A2SH17MQ49KCSO,NC,137,139,GPE
206,img,A2SH17MQ49KCSO,a couple years ago,140,158,DATE
207,img,A2SH17MQ49KCSO,Hickory,195,202,GPE
208,img,A2SH17MQ49KCSO,Durham,224,230,GPE
209,img,A2SH17MQ49KCSO,Darren,235,241,PERSON
210,img,A2SH17MQ49KCSO,Hickory,362,369,GPE
211,img,A2SH17MQ49KCSO,Darren,373,379,PERSON
212,img,A2SH17MQ49KCSO,Darren,474,480,PERSON
213,img,A2SH17MQ49KCSO,first,483,488,ORDINAL
214,img,A1VFOKKVJ7B9D6,Myles,0,5,PERSON
215,img,A1VFOKKVJ7B9D6,Bay Beach,29,38,GPE
216,img,A1VFOKKVJ7B9D6,Piglet,53,59,PERSON
217,img,A1VFOKKVJ7B9D6,many years,65,75,DATE
218,img,A1VFOKKVJ7B9D6,Bay Beach,268,277,GPE
219,img,A1VFOKKVJ7B9D6,Piglet,303,309,PERSON
220,img,A1VFOKKVJ7B9D6,Piglet,420,426,PERSON
221,img,A321WQIFK10UV3,Ohio,9,13,GPE
222,img,A321WQIFK10UV3,Gene,33,37,PERSON
223,img,A321WQIFK10UV3,years,116,121,DATE
224,img,A321WQIFK10UV3,Gene,166,170,PERSON
225,img,A3FDSQADGUY42E,Riley,0,5,PERSON
226,img,A3FDSQADGUY42E,the Chesapeake bay,44,62,LOC
227,img,A3FDSQADGUY42E,Riley,141,146,PERSON
228,img,A3FDSQADGUY42E,the chesapeake bay,383,401,LOC
229,img,A26PGX6EBPZ8G9,Chris,0,5,PERSON
230,img,A26PGX6EBPZ8G9,Chloe,20,25,PERSON
231,img,A26PGX6EBPZ8G9,Care Bear,33,42,PRODUCT
232,img,A26PGX6EBPZ8G9,Anna,93,97,PERSON
233,img,A26PGX6EBPZ8G9,two days,271,279,DATE
234,img,A26PGX6EBPZ8G9,Christmas,287,296,DATE
235,img,A26PGX6EBPZ8G9,Christmas,333,342,DATE
236,img,A26PGX6EBPZ8G9,next year,398,407,DATE
237,img,A26PGX6EBPZ8G9,Anna,480,484,PERSON
238,img,A26PGX6EBPZ8G9,November,502,510,DATE
239,img,A1FH0Y12VSXUMK,Don,5,8,PERSON
240,img,A1FH0Y12VSXUMK,Virginia,46,54,PERSON
241,img,A1FH0Y12VSXUMK,Virginia,171,179,PERSON
242,img,A1FH0Y12VSXUMK,a very pleasant afternoon,265,290,TIME
243,img,A1FH0Y12VSXUMK,Virginia,446,454,PERSON
244,img,A3AX7TD0RPYKF8,a lazy Sunday,3,16,TIME
245,img,A3AX7TD0RPYKF8,afternoon,17,26,TIME
246,img,A3AX7TD0RPYKF8,Hudson,31,37,GPE
247,img,A3AX7TD0RPYKF8,Ginger,39,45,PERSON
248,img,A3AX7TD0RPYKF8,night,154,159,TIME
249,img,A3AX7TD0RPYKF8,two weeks,380,389,DATE
250,img,A1KZ0KE93WNN5O,Dawn,0,4,PERSON
251,img,A1KZ0KE93WNN5O,Dawn,82,86,PERSON
252,img,A1KZ0KE93WNN5O,October 31st,126,138,DATE
253,img,A1KZ0KE93WNN5O,Dawn,141,145,PERSON
254,img,A1KZ0KE93WNN5O,Mariachi,240,248,ORG
255,img,A1KZ0KE93WNN5O,Dawn,256,260,PERSON
256,img,A1KZ0KE93WNN5O,The day,368,375,DATE
257,img,A1KZ0KE93WNN5O,Dawn,457,461,PERSON
258,img,A3KF6O09H04SP7,Jake,0,4,PERSON
259,img,A3KF6O09H04SP7,Sandia Park,62,73,FAC
260,img,A3KF6O09H04SP7,20 minute,177,186,TIME
261,img,AF0W4ZBY7VXOU,T,10,11,PERSON
262,img,A17C8CUROFU495,Last year,0,9,DATE
263,img,A17C8CUROFU495,Stef,25,29,PERSON
264,img,A17C8CUROFU495,first,129,134,ORDINAL
265,img,A17C8CUROFU495,Europe,166,172,LOC
266,img,A17C8CUROFU495,Northern Virginia,267,284,LOC
267,img,A17C8CUROFU495,Czech,385,390,NORP
268,img,AOBTFLJU2BEPR,Walt,0,4,PERSON
269,img,AOBTFLJU2BEPR,Thanksgivings past,244,262,DATE
270,img,AOBTFLJU2BEPR,Thanksgiving,496,508,DATE
271,img,A3UST4ECBO0560,Ali,11,14,PERSON
272,img,A3UST4ECBO0560,Ali,101,104,PERSON
273,img,A3UST4ECBO0560,Ali,396,399,PERSON
274,img,A3UST4ECBO0560,Ali,403,406,PERSON
275,img,A39FWGIPGNZZSH,Blaine,0,6,PERSON
276,img,A1U8ZC4THEZXR1,David,0,5,PERSON
277,img,A1U8ZC4THEZXR1,new years eve,39,52,EVENT
278,img,A1U8ZC4THEZXR1,Peachtree City,62,76,GPE
279,img,A1U8ZC4THEZXR1,new years eve,413,426,EVENT
280,img,A17TKHT8FEVH0R,Christian,10,19,PERSON
281,img,A17TKHT8FEVH0R,Christian,109,118,PERSON
282,img,A17TKHT8FEVH0R,Christian,183,192,PERSON
283,img,A17TKHT8FEVH0R,Christian,313,322,PERSON
284,img,A17TKHT8FEVH0R,the night,418,427,TIME
285,img,A1L8FGWN4ZSK0X,Andy,0,4,PERSON
286,img,A1L8FGWN4ZSK0X,Disney,32,38,ORG
287,img,A1L8FGWN4ZSK0X,Magnolia Golf Course,41,61,FAC
288,img,A1L8FGWN4ZSK0X,a sunny day,70,81,DATE
289,img,A1L8FGWN4ZSK0X,eighteen,153,161,CARDINAL
290,img,A1L8FGWN4ZSK0X,Andy,259,263,PERSON
291,img,A1L8FGWN4ZSK0X,One,350,353,CARDINAL
292,img,A1L8FGWN4ZSK0X,Tiger Woods,428,439,PERSON
293,img,A1L8FGWN4ZSK0X,Andy,441,445,PERSON
294,img,A1L8FGWN4ZSK0X,Tiger,471,476,PERSON
295,img,A1L8FGWN4ZSK0X,the day,522,529,DATE
296,img,A1S56RBP0Q3BT,Lawrence,0,8,PERSON
297,img,A1S56RBP0Q3BT,Carrabbas,36,45,FAC
298,img,A1S56RBP0Q3BT,Disneyworld,74,85,FAC
299,img,A1S56RBP0Q3BT,5th,111,114,ORDINAL
300,img,A1S56RBP0Q3BT,Disney,292,298,ORG
301,img,A1S56RBP0Q3BT,MGM,301,304,ORG
302,img,A1S56RBP0Q3BT,iPhone,376,382,PRODUCT
303,img,A1S56RBP0Q3BT,a few minutes,480,493,TIME
304,img,A1S56RBP0Q3BT,Disney,510,516,ORG
305,img,A11ILN5YSUDVG8,Denise,0,6,PERSON
306,img,A11ILN5YSUDVG8,Tennessee,28,37,GPE
307,img,A11ILN5YSUDVG8,Florida,85,92,GPE
308,img,A11ILN5YSUDVG8,two days,134,142,DATE
309,img,A11ILN5YSUDVG8,Denise,263,269,PERSON
310,img,A1HYNGG8LZUV47,Rod,0,3,PERSON
311,img,A1HYNGG8LZUV47,christmas,13,22,DATE
312,img,A1HYNGG8LZUV47,christmas,216,225,DATE
313,img,A1HYNGG8LZUV47,december,239,247,DATE
314,img,A1HYNGG8LZUV47,spring,378,384,DATE
315,img,A91G1W46USOBE,Jake,46,50,PERSON
316,img,A91G1W46USOBE,Homer,234,239,PERSON
317,img,A91G1W46USOBE,Jake,268,272,PERSON
318,img,A91G1W46USOBE,Homer,392,397,PERSON
319,img,AOJRP10FWOFA9,Roni,19,23,PERSON
320,img,AOJRP10FWOFA9,Roni,112,116,PERSON
321,img,A3MYPYBVHX7FQ2,Crystan,0,7,PERSON
322,img,A3MYPYBVHX7FQ2,earlier that week,110,127,DATE
323,img,A3MYPYBVHX7FQ2,a few minutes,186,199,TIME
324,img,A3MYPYBVHX7FQ2,the holiday,236,247,DATE
325,img,A3J92T7AV2ICWN,Dana,0,4,PERSON
326,img,A3J92T7AV2ICWN,first,152,157,ORDINAL
327,img,A3J92T7AV2ICWN,Dana,235,239,PERSON
328,img,A3J92T7AV2ICWN,dana,455,459,PERSON
329,img,A31Y2UA2LPDSWZ,RC,12,14,PERSON
330,img,A31Y2UA2LPDSWZ,RC,208,210,PERSON
331,img,A1TEVUU2U1VYYV,a sunny day,66,77,DATE
332,img,A1TEVUU2U1VYYV,the night before,95,111,TIME
333,img,A1TEVUU2U1VYYV,almost two feet,123,138,QUANTITY
334,img,A1TEVUU2U1VYYV,Gina,351,355,PERSON
335,img,A3K0TCD0S67NV7,Kevin,0,5,PERSON
336,img,A3K0TCD0S67NV7,last year,44,53,DATE
337,img,A3K0TCD0S67NV7,a beautiful crisp Autumn day,62,90,DATE
338,img,A3K0TCD0S67NV7,October,94,101,DATE
339,img,A3K0TCD0S67NV7,that day,191,199,DATE
340,img,A3K0TCD0S67NV7,Kevin,213,218,PERSON
341,img,A3K0TCD0S67NV7,the day,244,251,DATE
342,img,ARFQ8FJRKCUZ6,Eric,0,4,PERSON
343,img,ARFQ8FJRKCUZ6,wedding day,7,18,DATE
344,img,ARFQ8FJRKCUZ6,minutes,489,496,TIME
345,img,ARFQ8FJRKCUZ6,Eric,513,517,PERSON
346,img,A1JV2S5C8QHD1B,Riley,0,5,PERSON
347,img,A1JV2S5C8QHD1B,Ocean City,32,42,GPE
348,img,A1JV2S5C8QHD1B,Maryland,44,52,GPE
349,img,A1JV2S5C8QHD1B,the last few weeks,56,74,DATE
350,img,A1JV2S5C8QHD1B,summer,78,84,DATE
351,img,A1JV2S5C8QHD1B,Riley,86,91,PERSON
352,img,A1JV2S5C8QHD1B,first thing in the morning,122,148,TIME
353,img,A1JV2S5C8QHD1B,the end of the weekend,400,422,DATE
354,img,A1JV2S5C8QHD1B,Bacon Brothers,488,502,ORG
355,img,A25X755IRWK2U5,Kevin,0,5,PERSON
356,img,A25X755IRWK2U5,Kevin,91,96,PERSON
357,img,A25X755IRWK2U5,One,259,262,CARDINAL
358,img,A25X755IRWK2U5,Kevin,372,377,PERSON
359,img,A25X755IRWK2U5,Kevin,452,457,PERSON
360,img,ANQ0RLFEZ17W0,Bryan,0,5,PERSON
361,img,A2LLY9JPYC9KJ4,Diane,86,91,PERSON
362,img,A2LLY9JPYC9KJ4,third,103,108,ORDINAL
363,img,A2LLY9JPYC9KJ4,Covid,125,130,FAC
364,img,A2LLY9JPYC9KJ4,Diane,194,199,PERSON
365,img,A3NFRJM2ATN21O,Taylor,10,16,PERSON
366,img,A3NFRJM2ATN21O,Akron,48,53,GPE
367,img,A3NFRJM2ATN21O,an hour,105,112,TIME
368,img,A118AEVQ81QLG0,Chris,0,5,PERSON
369,img,A118AEVQ81QLG0,Chris,277,282,PERSON
370,img,A38YLXHJTSE5VD,Allen,26,31,PERSON
371,img,A38YLXHJTSE5VD,eight,74,79,CARDINAL
372,img,A38YLXHJTSE5VD,over four hundred,141,158,CARDINAL
373,img,A38YLXHJTSE5VD,Allen,490,495,PERSON
374,img,A2AMAU5O7O3AWX,Taylor,0,6,PERSON
375,img,A2AMAU5O7O3AWX,Mexico,21,27,GPE
376,img,A2AMAU5O7O3AWX,Cancun,130,136,GPE
377,img,A2AMAU5O7O3AWX,the week,147,155,DATE
378,img,A2AMAU5O7O3AWX,Taylor,200,206,PERSON
379,img,AXF0OX50YZQC6,Jose,0,4,PERSON
380,img,A2FUNB3BUB3U07,A few years ago,0,15,DATE
381,img,A2FUNB3BUB3U07,Chad,17,21,PERSON
382,img,A2FUNB3BUB3U07,New York,46,54,GPE
383,img,A2FUNB3BUB3U07,Boston,58,64,GPE
384,img,A2FUNB3BUB3U07,the Boston Symphony Orchestra,94,123,ORG
385,img,A2FUNB3BUB3U07,the early afternoon,265,284,TIME
386,img,A2FUNB3BUB3U07,later that evening,325,343,TIME
387,img,A2FUNB3BUB3U07,a few hours,352,363,TIME
388,img,A2FUNB3BUB3U07,Bernard Haitink,478,493,PERSON
389,img,A1C6U6K4KW7PYL,Neil,0,4,PERSON
390,img,A1C6U6K4KW7PYL,Eric,22,26,PERSON
391,img,A1C6U6K4KW7PYL,AKC,158,161,ORG
392,img,A1C6U6K4KW7PYL,Meet the Breeds,162,177,ORG
393,img,A1C6U6K4KW7PYL,NY,186,188,GPE
394,img,A1C6U6K4KW7PYL,that year,229,238,DATE
395,img,A157L6Z8QU3SDE,Freddy,0,6,PERSON
396,img,A157L6Z8QU3SDE,a few years ago,33,48,DATE
397,img,A157L6Z8QU3SDE,a week,391,397,DATE
398,img,A157L6Z8QU3SDE,Freddy,426,432,PERSON
399,img,A157L6Z8QU3SDE,several miles,468,481,QUANTITY
400,img,A1YW8LOGOAQ7ER,Willy,0,5,PERSON
401,img,A1YW8LOGOAQ7ER,Christmas,45,54,DATE
402,img,A1YW8LOGOAQ7ER,Christmas,371,380,DATE
403,img,A1YW8LOGOAQ7ER,a great evening,471,486,TIME
404,img,AMVBT3XDCQBHI,Meg,43,46,PERSON
405,img,AMVBT3XDCQBHI,one,257,260,CARDINAL
406,img,A1SEGJ030C2VML,Ian,0,3,PERSON
407,img,A1SEGJ030C2VML,Ian,200,203,PERSON
408,img,6117c048b6509f4c0729321b,Jamie,0,5,PERSON
409,img,6117c048b6509f4c0729321b,later that week,342,357,DATE
410,img,6117c048b6509f4c0729321b,winter,398,404,DATE
411,img,6117c048b6509f4c0729321b,the new season,441,455,DATE
412,img,5eed39d96b25b8147870a324,naeti,17,22,PERSON
413,img,5eed39d96b25b8147870a324,London,97,103,GPE
414,img,5eed39d96b25b8147870a324,UK,187,189,GPE
415,img,5eed39d96b25b8147870a324,summer,264,270,DATE
416,img,5eed39d96b25b8147870a324,river thames,360,372,LOC
417,img,5eed39d96b25b8147870a324,london,385,391,GPE
418,img,5eed39d96b25b8147870a324,almost 5 years,433,447,DATE
419,img,615a246b9484d07bb01d0724,Kerry,0,5,PERSON
420,img,615a246b9484d07bb01d0724,our first year,194,208,DATE
421,img,615a246b9484d07bb01d0724,about a month,281,294,DATE
422,img,5bcc60b95c2b810001dc68e2,Carroll,0,7,PERSON
423,img,5bcc60b95c2b810001dc68e2,a few years back,81,97,DATE
424,img,5bcc60b95c2b810001dc68e2,DollyWood,139,148,GPE
425,img,5bcc60b95c2b810001dc68e2,the Dixie Stampede,164,182,ORG
426,img,5ac8328afa3b4e0001738e4e,Tammy,0,5,PERSON
427,img,5ac8328afa3b4e0001738e4e,Cindy,7,12,PERSON
428,img,5ac8328afa3b4e0001738e4e,Shanty,32,38,FAC
429,img,5ac8328afa3b4e0001738e4e,Cindy,99,104,PERSON
430,img,5ac8328afa3b4e0001738e4e,Tammy,147,152,PERSON
431,img,5ac8328afa3b4e0001738e4e,Cindy,182,187,PERSON
432,img,5ac8328afa3b4e0001738e4e,Tammy,239,244,PERSON
433,img,5ac8328afa3b4e0001738e4e,Cindy,263,268,PERSON
434,img,5dea7a7df87f5519e686ff7b,a beautiful summer day,7,29,DATE
435,img,5dea7a7df87f5519e686ff7b,Joey,64,68,PERSON
436,img,5dea7a7df87f5519e686ff7b,a weekday,89,98,DATE
437,img,5dea7a7df87f5519e686ff7b,around noon,156,167,TIME
438,img,5dea7a7df87f5519e686ff7b,About thirty minutes,258,278,TIME
439,img,5dea7a7df87f5519e686ff7b,about an hour,304,317,TIME
440,img,5f7a28b8bedcf2112ebd1289,Kristina,0,8,PERSON
441,img,5f7a28b8bedcf2112ebd1289,Flanders,43,51,GPE
442,img,5f7a28b8bedcf2112ebd1289,Kristina,189,197,PERSON
443,img,5a454e442f91ec0001dcb66c,Heather,6,13,PERSON
444,img,61411975e7331decabf1db1c,Cassie,0,6,PERSON
445,img,5a9c91196219a30001f534a5,Aban,0,4,PERSON
446,img,5a9c91196219a30001f534a5,one,321,324,CARDINAL
447,img,6026adf0704fd23a5dc0ee32,Steve,0,5,PERSON
448,img,6026adf0704fd23a5dc0ee32,Davison,310,317,GPE
449,img,617066e07dbd3e09855712bb,another day,70,81,DATE
450,img,617066e07dbd3e09855712bb,Giselle,140,147,PERSON
451,img,617066e07dbd3e09855712bb,days,156,160,DATE
452,img,617066e07dbd3e09855712bb,Giselle,162,169,PERSON
453,img,617066e07dbd3e09855712bb,Mascara,186,193,PERSON
454,img,617066e07dbd3e09855712bb,your day,296,304,DATE
455,img,5c742339e621f900163f4543,Amy,0,3,PERSON
456,img,5e25c1a57d6cd1000cf870b8,Jessica,10,17,PERSON
457,img,5e25c1a57d6cd1000cf870b8,Jessica,195,202,PERSON
458,img,5e25c1a57d6cd1000cf870b8,New York,306,314,GPE
459,img,5e25c1a57d6cd1000cf870b8,her days,468,476,DATE
460,img,6014461d8a3f5a40f7a7b8c8,Victor,16,22,PERSON
461,img,6014461d8a3f5a40f7a7b8c8,The night,109,118,TIME
462,img,6014461d8a3f5a40f7a7b8c8,around 3AM,421,431,TIME
463,img,5c55c45f53fba80001bcf323,Chu,0,3,PERSON
464,img,5c55c45f53fba80001bcf323,daily,121,126,DATE
465,img,5c55c45f53fba80001bcf323,work days,141,150,DATE
466,img,5fc803709e587e1295172443,Lori,0,4,PERSON
467,img,5fc803709e587e1295172443,3 day weekend,51,64,DATE
468,img,5fc803709e587e1295172443,Lori,67,71,PERSON
469,img,5fc803709e587e1295172443,Volkswagon,125,135,PRODUCT
470,img,6102e4f5caf1aed4d071c696,"a hot, dry day",120,134,DATE
471,img,6102e4f5caf1aed4d071c696,Miguel,179,185,PERSON
472,img,6102e4f5caf1aed4d071c696,Miguel,325,331,PERSON
473,img,6102e4f5caf1aed4d071c696,Miguel,416,422,PERSON
474,img,5cd8d86210887400182db201,a couple months ago,12,31,DATE
475,img,5cd8d86210887400182db201,Clinton,58,65,GPE
476,img,5cd8d86210887400182db201,about 30 mins,77,90,QUANTITY
477,img,5cd8d86210887400182db201,about a whole week,179,197,DATE
478,img,5cd8d86210887400182db201,Tony,244,248,PERSON
479,img,5cd8d86210887400182db201,days,294,298,DATE
480,img,5cd8d86210887400182db201,our days,338,346,DATE
481,img,5b82247316aa4400016aa924,Jennifer,0,8,PERSON
482,img,5b82247316aa4400016aa924,one night,35,44,TIME
483,img,5b82247316aa4400016aa924,a cold December day,54,73,DATE
484,img,5b82247316aa4400016aa924,the night,113,122,TIME
485,img,5b82247316aa4400016aa924,Jennifer,135,143,PERSON
486,img,5b82247316aa4400016aa924,the night,247,256,TIME
487,img,5b82247316aa4400016aa924,Jennifer,315,323,PERSON
488,img,5d41e832b0ca7200169d857e,Raymond Jones Jorge del Rio,59,86,ORG
489,img,5d41e832b0ca7200169d857e,Emma,146,150,PERSON
490,img,5d41e832b0ca7200169d857e,hours,306,311,TIME
491,img,5d41e832b0ca7200169d857e,only fifteen or twenty minutes,320,350,TIME
492,img,60885d559ca52f07dd234260,Todd,0,4,PERSON
493,img,60885d559ca52f07dd234260,Pennsylvania,40,52,GPE
494,img,60885d559ca52f07dd234260,Moosehead,201,210,PRODUCT
495,img,60885d559ca52f07dd234260,Canadian,223,231,NORP
496,img,60885d559ca52f07dd234260,24,261,263,CARDINAL
497,img,60885d559ca52f07dd234260,the night,350,359,TIME
498,img,60885d559ca52f07dd234260,24,386,388,CARDINAL
499,img,60885d559ca52f07dd234260,Todd,459,463,PERSON
500,img,60885d559ca52f07dd234260,Moosehead,479,488,PRODUCT
501,img,5e84765c7206730182a6f738,Wyatt,0,5,PERSON
502,img,5e84765c7206730182a6f738,Madison,58,65,GPE
503,img,5e84765c7206730182a6f738,four-hours,106,116,TIME
504,img,5e84765c7206730182a6f738,a few hours,280,291,TIME
505,img,55b67c31fdf99b26b999cc1e,Florida,37,44,GPE
506,img,55b67c31fdf99b26b999cc1e,Brandon,125,132,PERSON
507,img,55b67c31fdf99b26b999cc1e,Brandon,295,302,PERSON
508,img,55b67c31fdf99b26b999cc1e,that night,383,393,TIME
509,img,616dabffda7757926ea7e84d,Roanoke,15,22,GPE
510,img,616dabffda7757926ea7e84d,VA,24,26,GPE
511,img,616dabffda7757926ea7e84d,Kimberly,51,59,PERSON
512,img,616dabffda7757926ea7e84d,that night,229,239,TIME
513,img,616dabffda7757926ea7e84d,the next morning,267,283,TIME
514,img,616dabffda7757926ea7e84d,Walmart,342,349,ORG
515,img,616dabffda7757926ea7e84d,a little over 11 hours,393,415,TIME
516,img,5fb9b9c1c62f408e51e09e32,Ron,0,3,PERSON
517,img,5fb9b9c1c62f408e51e09e32,Mt. Rushmore,24,36,LOC
518,img,5fb9b9c1c62f408e51e09e32,F-150,44,49,PRODUCT
519,img,5fb9b9c1c62f408e51e09e32,two weeks ago,87,100,DATE
520,img,5fb9b9c1c62f408e51e09e32,Mt. Rushmore,176,188,LOC
521,img,5fb9b9c1c62f408e51e09e32,the Crazy Horse Monument,274,298,FAC
522,img,5fb9b9c1c62f408e51e09e32,Army,413,417,ORG
523,img,62029779ef1cb18a1337c0f7,Antony,0,6,PERSON
524,img,62029779ef1cb18a1337c0f7,Avengers End Game,30,47,WORK_OF_ART
525,img,62029779ef1cb18a1337c0f7,months,110,116,DATE
526,img,62029779ef1cb18a1337c0f7,12AM,144,148,TIME
527,img,62029779ef1cb18a1337c0f7,the night,149,158,TIME
528,img,62029779ef1cb18a1337c0f7,months,221,227,DATE
529,img,62029779ef1cb18a1337c0f7,the night,240,249,TIME
530,img,62029779ef1cb18a1337c0f7,3AM,353,356,TIME
531,img,62029779ef1cb18a1337c0f7,Antony,386,392,PERSON
532,img,62029779ef1cb18a1337c0f7,Antony,543,549,PERSON
533,img,60fe3a34f7f4d5e48ad56af2,Mini,0,4,PERSON
534,img,60fe3a34f7f4d5e48ad56af2,first,187,192,ORDINAL
535,img,60fde4dee9fab6ac2c315eed,last summer,0,11,DATE
536,img,60fde4dee9fab6ac2c315eed,couper,12,18,PERSON
537,img,60fde4dee9fab6ac2c315eed,a nice sunny day,49,65,DATE
538,img,60fde4dee9fab6ac2c315eed,10,294,296,CARDINAL
539,img,60fde4dee9fab6ac2c315eed,11,318,320,CARDINAL
540,img,60fde4dee9fab6ac2c315eed,Couper,322,328,PERSON
541,img,5ddef2e6929d5de6f1050f1c,a beautiful crisp fall day,7,33,DATE
542,img,5ddef2e6929d5de6f1050f1c,Beth,40,44,PERSON
543,img,5ddef2e6929d5de6f1050f1c,US,66,68,GPE
544,img,5ddef2e6929d5de6f1050f1c,Beth,242,246,PERSON
545,img,5f2042752276432e3a7ef104,johnny,20,26,PERSON
546,img,5f2042752276432e3a7ef104,voyage seeker,75,88,PRODUCT
547,img,5f2042752276432e3a7ef104,denver north carolina,92,113,GPE
548,img,5f2042752276432e3a7ef104,our one year anniversary,118,142,DATE
549,img,5f2042752276432e3a7ef104,first,156,161,ORDINAL
550,img,610c3dd3425aa056883e3e02,A couple of months ago,0,22,DATE
551,img,610c3dd3425aa056883e3e02,Kole,24,28,PERSON
552,img,610c3dd3425aa056883e3e02,Seibold,59,66,PERSON
553,img,610c3dd3425aa056883e3e02,Kole,132,136,PERSON
554,img,612fd3208d3decaf3ec80bcc,Ellie,0,5,PERSON
555,img,612fd3208d3decaf3ec80bcc,Dallas,13,19,GPE
556,img,612fd3208d3decaf3ec80bcc,Ellie,172,177,PERSON
557,img,612fd3208d3decaf3ec80bcc,Ellie,204,209,PERSON
558,img,612fd3208d3decaf3ec80bcc,Ellie,290,295,PERSON
559,img,612fd3208d3decaf3ec80bcc,Ellie,300,305,PERSON
560,img,612fd3208d3decaf3ec80bcc,Ellie,369,374,PERSON
561,img,612fd3208d3decaf3ec80bcc,a few hours,439,450,TIME
562,img,6108d6efa698e3dbe3b313d3,Nobel prize.this,399,415,WORK_OF_ART
563,img,5de7ca192294f172c699b7dc,A couple of months ago,0,22,DATE
564,img,5de7ca192294f172c699b7dc,Rachel,40,46,PERSON
565,img,5c1942e200849900010afdcd,One Friday in,0,13,DATE
566,img,5c1942e200849900010afdcd,July,14,18,DATE
567,img,5c1942e200849900010afdcd,5PM,57,60,TIME
568,img,5c1942e200849900010afdcd,Kevin,79,84,PERSON
569,img,5c1942e200849900010afdcd,an hours later,177,191,TIME
570,img,5c1942e200849900010afdcd,Papa John's,242,253,ORG
571,img,5c1942e200849900010afdcd,Kevin,310,315,PERSON
572,img,60fd7637bcde42cb5ea9b80c,Jane,0,4,PERSON
573,img,60fd7637bcde42cb5ea9b80c,a good day,521,531,DATE
574,img,610f326ceebada4236a67080,Nick,0,4,PERSON
575,img,610f326ceebada4236a67080,last summer,37,48,DATE
576,img,610f326ceebada4236a67080,two weeks,78,87,DATE
577,img,610f326ceebada4236a67080,a few days,98,108,DATE
578,img,610f326ceebada4236a67080,Nick,126,130,PERSON
579,img,610f326ceebada4236a67080,that evening,181,193,TIME
580,img,610f326ceebada4236a67080,Nick,196,200,PERSON
581,img,610f326ceebada4236a67080,5 P.M.,217,223,TIME
582,img,610f326ceebada4236a67080,Mike,243,247,PERSON
583,img,610f326ceebada4236a67080,100 acre,250,258,QUANTITY
584,img,610f326ceebada4236a67080,Nick,512,516,PERSON
585,img,610f326ceebada4236a67080,over $300,534,543,MONEY
586,img,5e7d0520455902383a9d1dd9,Amy,0,3,PERSON
587,img,5e7d0520455902383a9d1dd9,Italian,21,28,NORP
588,img,5e7d0520455902383a9d1dd9,Amy,199,202,PERSON
589,img,6175829c31cba7108908d548,Anthony,0,7,PERSON
590,img,6175829c31cba7108908d548,the day,363,370,DATE
591,img,6175829c31cba7108908d548,day,457,460,DATE
592,img,5d55d562e04e1c0001f5e682,Liz,0,3,PERSON
593,img,5d55d562e04e1c0001f5e682,Vegas,28,33,GPE
594,img,5d55d562e04e1c0001f5e682,6 months,64,72,DATE
595,img,5d55d562e04e1c0001f5e682,Paris,112,117,GPE
596,img,5d55d562e04e1c0001f5e682,first,222,227,ORDINAL
597,img,5d55d562e04e1c0001f5e682,2,334,335,CARDINAL
598,img,5d55d562e04e1c0001f5e682,first,470,475,ORDINAL
599,img,5d55d562e04e1c0001f5e682,Vegas,485,490,GPE
600,img,5b6cd50f9ee1a50001c5f481,Riley,14,19,PERSON
601,img,5b53bf0802660200017909e1,laura,0,5,PERSON
602,img,60eb857b5d9d956e6465ee3c,KH,51,53,PERSON
603,img,60eb857b5d9d956e6465ee3c,COVID,82,87,ORG
604,img,590208c89571f50001c666e3,Sarah,0,5,PERSON
605,img,590208c89571f50001c666e3,Cincinnati,31,41,GPE
606,img,590208c89571f50001c666e3,the early afternoon,187,206,TIME
607,img,590208c89571f50001c666e3,Sarah,285,290,PERSON
608,img,5ddab4c559b1b0a089f10680,Logan,24,29,PERSON
609,img,5ddab4c559b1b0a089f10680,early in the morning,247,267,TIME
610,img,5ddab4c559b1b0a089f10680,Logan,466,471,PERSON
611,img,5c8ef4072a1b22000198f6bf,Vinnie,0,6,PERSON
612,img,5c8ef4072a1b22000198f6bf,Xbox,147,151,PRODUCT
613,img,5c8ef4072a1b22000198f6bf,Xbox,232,236,PRODUCT
614,img,5c8ef4072a1b22000198f6bf,Xbox,317,321,PRODUCT
615,img,5c8ef4072a1b22000198f6bf,Xbox,401,405,PRODUCT
616,img,607cbf385d3202721e3f719f,One night,0,9,TIME
617,img,607cbf385d3202721e3f719f,Jack,11,15,PERSON
618,img,5c3fb71b36052e00016bb1a6,Jess,23,27,PERSON
619,img,5c3fb71b36052e00016bb1a6,Ballard,43,50,GPE
620,img,5c3fb71b36052e00016bb1a6,Mark A.,53,60,PERSON
621,img,5c3fb71b36052e00016bb1a6,Ballard,212,219,GPE
622,img,5c3fb71b36052e00016bb1a6,Jess,225,229,PERSON
623,img,5c3fb71b36052e00016bb1a6,Northgate,268,277,GPE
624,img,5c3fb71b36052e00016bb1a6,Ballard,343,350,GPE
625,img,5c3fb71b36052e00016bb1a6,Top Banana,406,416,FAC
626,img,5de9569d5c340f05d554fbeb,Nick,0,4,PERSON
627,img,5eaf02446c144d5e3a4d4562,Kelly,183,188,PERSON
628,img,5eaf02446c144d5e3a4d4562,Saturday,203,211,DATE
629,img,5eaf02446c144d5e3a4d4562,Kelly,228,233,PERSON
630,img,5eaf02446c144d5e3a4d4562,about one hour,326,340,TIME
631,img,56fb36ca34a0d3000b1a5701,Marian,0,6,PERSON
632,img,56fb36ca34a0d3000b1a5701,40 year,29,36,DATE
633,img,56fb36ca34a0d3000b1a5701,many years,134,144,DATE
634,img,5accdd6587e271000171be3e,Josh,0,4,PERSON
635,img,5accdd6587e271000171be3e,later that night,112,128,TIME
636,img,5accdd6587e271000171be3e,that day,150,158,DATE
637,img,614e8467b95e7056b6f06edc,Adam,0,4,PERSON
638,img,614e8467b95e7056b6f06edc,the day,44,51,DATE
639,img,614e8467b95e7056b6f06edc,the day,208,215,DATE
640,img,614e8467b95e7056b6f06edc,Half,326,330,CARDINAL
641,img,614e8467b95e7056b6f06edc,Adam,368,372,PERSON
642,img,5e5080883771350caf2d9fda,Fall of 2017,7,19,DATE
643,img,5e5080883771350caf2d9fda,Temple University Football,24,50,ORG
644,img,5e5080883771350caf2d9fda,season,74,80,DATE
645,img,5e5080883771350caf2d9fda,David,82,87,PERSON
646,img,5e5080883771350caf2d9fda,the Charlotte 49ers,153,172,ORG
647,img,5e5080883771350caf2d9fda,Temples,229,236,ORG
648,img,5e5080883771350caf2d9fda,Temple University,275,292,ORG
649,img,5e5080883771350caf2d9fda,"a beautiful, mild day",349,370,DATE
650,img,5e5080883771350caf2d9fda,Temple,533,539,ORG
651,img,5e5080883771350caf2d9fda,49ers,553,558,ORG
652,img,60e5f4ebca9d0e7a4305231f,GH,9,11,PERSON
653,img,60e5f4ebca9d0e7a4305231f,the United states,180,197,GPE
654,img,60665adb612028d442c04182,Heather,0,7,PERSON
655,img,60665adb612028d442c04182,Heather,232,239,PERSON
656,img,5f0d2beb1bd6337380471ba8,Michael,0,7,PERSON
657,img,5f0d2beb1bd6337380471ba8,about a week,79,91,DATE
658,img,5f0d2beb1bd6337380471ba8,hours,186,191,TIME
659,img,5f0d2beb1bd6337380471ba8,the night,333,342,TIME
660,img,5f0d2beb1bd6337380471ba8,Walmart,481,488,ORG
661,img,56c113f6eb5b22000d5baa6f,Kat,0,3,PERSON
662,img,56c113f6eb5b22000d5baa6f,summer,62,68,DATE
663,img,56c113f6eb5b22000d5baa6f,Co,193,195,ORG
664,img,56c113f6eb5b22000d5baa6f,-,195,196,ORG
665,img,56c113f6eb5b22000d5baa6f,Op,196,198,ORG
666,img,56c113f6eb5b22000d5baa6f,Kat,267,270,PERSON
667,img,56c113f6eb5b22000d5baa6f,Co,304,306,ORG
668,img,56c113f6eb5b22000d5baa6f,-,306,307,ORG
669,img,56c113f6eb5b22000d5baa6f,op,307,309,ORG
670,img,61520150b24df0af47d5c7f3,Mike,0,4,PERSON
671,img,61520150b24df0af47d5c7f3,$5 dollars,145,155,MONEY
672,img,61520150b24df0af47d5c7f3,50,277,279,MONEY
673,img,61520150b24df0af47d5c7f3,3,330,331,CARDINAL
674,img,61520150b24df0af47d5c7f3,a dollar,363,371,MONEY
675,img,60fd55f559e7795b518f7438,Isaiah,7,13,PERSON
676,img,60fd55f559e7795b518f7438,Coffeeholic,23,34,ORG
677,img,60fd55f559e7795b518f7438,one,46,49,CARDINAL
678,img,60fd55f559e7795b518f7438,Coffeeholic,89,100,ORG
679,img,60fd55f559e7795b518f7438,Isaiah,122,128,PERSON
680,img,60fd55f559e7795b518f7438,the Coffeeholic Dream,267,288,PRODUCT
681,img,60fd55f559e7795b518f7438,Ube,294,297,PRODUCT
682,img,60fd55f559e7795b518f7438,one,313,316,CARDINAL
683,img,60fd55f559e7795b518f7438,Isaiah,343,349,PERSON
684,img,60fd55f559e7795b518f7438,one,478,481,CARDINAL
685,img,62029b1eef1cb18a1337c797,Alicia,13,19,PERSON
686,img,62029b1eef1cb18a1337c797,Cheddars,34,42,ORG
687,img,610371cac4468adfe775fcf7,DP,0,2,PERSON
688,img,610371cac4468adfe775fcf7,AZ,17,19,GPE
689,img,610371cac4468adfe775fcf7,HM,34,36,GPE
690,img,610371cac4468adfe775fcf7,DP,38,40,PERSON
691,img,610371cac4468adfe775fcf7,DP,229,231,PERSON
692,img,610371cac4468adfe775fcf7,DP,307,309,PERSON
693,img,610371cac4468adfe775fcf7,only 1,433,439,CARDINAL
694,img,620299a8ef1cb18a1337c4d1,Rusti,0,5,PERSON
695,img,615bb35e52d50aa9a2ae6747,Alicia,0,6,PERSON
696,img,615bb35e52d50aa9a2ae6747,many years,35,45,DATE
697,img,615bb35e52d50aa9a2ae6747,A few years ago,121,136,DATE
698,img,615bb35e52d50aa9a2ae6747,Oklahoma,166,174,GPE
699,img,615bb35e52d50aa9a2ae6747,the weekend,179,190,DATE
700,img,615bb35e52d50aa9a2ae6747,DBZ,263,266,ORG
701,img,615bb35e52d50aa9a2ae6747,DBZ,281,284,ORG
702,img,615bb35e52d50aa9a2ae6747,DBZ,541,544,ORG
703,img,55b6e53bfdf99b438f10e3bb,Beth,0,4,PERSON
704,img,55b6e53bfdf99b438f10e3bb,the weekend afternoon,130,151,TIME
705,img,5c284e0970d93a0001211e16,Matt,0,4,PERSON
706,img,5c284e0970d93a0001211e16,Kimba,113,118,PERSON
707,img,5c284e0970d93a0001211e16,Kimba,128,133,PERSON
708,img,5c284e0970d93a0001211e16,Kimba,223,228,PERSON
709,img,5c284e0970d93a0001211e16,Matt,308,312,PERSON
710,img,5c284e0970d93a0001211e16,Kimba,411,416,PERSON
711,img,615b39c56d4a42f215089b8a,Blake,0,5,PERSON
712,img,615b39c56d4a42f215089b8a,Yellowstone National Park,32,57,FAC
713,img,615b39c56d4a42f215089b8a,every year,58,68,DATE
714,img,615b39c56d4a42f215089b8a,three years,73,84,DATE
715,img,615b39c56d4a42f215089b8a,long days,233,242,DATE
716,img,615b39c56d4a42f215089b8a,one,376,379,CARDINAL
717,img,615b39c56d4a42f215089b8a,Yellowstone,402,413,LOC
718,img,5f3ebd568c429614c0f595e8,Mary,0,4,PERSON
719,img,5f3ebd568c429614c0f595e8,Mary,90,94,PERSON
720,img,5f3ebd568c429614c0f595e8,One,188,191,CARDINAL
721,img,5f3ebd568c429614c0f595e8,the day,414,421,DATE
722,img,5f3ebd568c429614c0f595e8,Mary,474,478,PERSON
723,img,5ea974ce007217052a763022,Falls,14,19,LOC
724,img,5ea974ce007217052a763022,night,23,28,TIME
725,img,5ea974ce007217052a763022,Jeff,86,90,PERSON
726,img,5f6e71f3b273c13b726f3622,Hector,66,72,PERSON
727,img,5f6e71f3b273c13b726f3622,a few minutes,279,292,TIME
728,img,5f6e71f3b273c13b726f3622,Hector,397,403,PERSON
729,img,5df4ed2eae7b303760a9d47c,Janice,0,6,PERSON
730,img,5df4ed2eae7b303760a9d47c,Robin,110,115,PERSON
731,img,5df4ed2eae7b303760a9d47c,Montana,138,145,GPE
732,img,5df4ed2eae7b303760a9d47c,Janice,155,161,PERSON
733,img,5df4ed2eae7b303760a9d47c,Janice,228,234,PERSON
734,img,5df4ed2eae7b303760a9d47c,that day,257,265,DATE
735,img,5df4ed2eae7b303760a9d47c,Robin,297,302,PERSON
736,img,5df4ed2eae7b303760a9d47c,Janice,499,505,PERSON
737,img,60f6e261d3ae19349059a473,Laudry,0,6,PERSON
738,img,60f6e261d3ae19349059a473,Irish,82,87,NORP
739,img,60f6e261d3ae19349059a473,Guinness,330,338,PRODUCT
740,img,60f6e261d3ae19349059a473,an Irish Pub,358,370,ORG
741,img,61fa94df5719bc09cb835064,JJ,0,2,PERSON
742,img,61fa94df5719bc09cb835064,"175,000 miles",136,149,QUANTITY
743,img,5ed5ac56ee608714bb21075d,Jim,0,3,PERSON
744,img,5ed5ac56ee608714bb21075d,Christmas,20,29,DATE
745,img,5ed5ac56ee608714bb21075d,every year,45,55,DATE
746,img,5ed5ac56ee608714bb21075d,This year,58,67,DATE
747,img,5ed5ac56ee608714bb21075d,the Winter Forest,89,106,LOC
748,img,5ed5ac56ee608714bb21075d,only about 10 degrees F,246,269,QUANTITY
749,img,5ed5ac56ee608714bb21075d,Forest,335,341,LOC
750,img,5ed5ac56ee608714bb21075d,Christmas,479,488,DATE
751,img,5ed5ac56ee608714bb21075d,Degas,570,575,PERSON
752,img,610795acedc4b47fda202f10,Brooke,5,11,PERSON
753,img,610795acedc4b47fda202f10,Tel Aviv,26,34,GPE
754,img,610795acedc4b47fda202f10,Hebrew,260,266,LANGUAGE
755,img,610795acedc4b47fda202f10,One,301,304,CARDINAL
756,img,610795acedc4b47fda202f10,Negev,451,456,LOC
